Symbol,PCoin,PPrice,Trend_1D,CBuy,CSell,WaveCountUp,WaveCountDown,WaveCountUpAfterD,WaveCountDownAfterD,Upper,Lower,AUp,ADown,BUp,BDown,CUp,CDown,DUp,DDown,MSBuy,MSSell,LastState,LastAPriceAfterD,DownPrice,UpPrice
yfiusdt,6,2,2,17282.39,0.0,0,1,0,1,10249.58,8878.67,17282.39,25453.24,19901.67,13020.93,17282.39,22653.91,34434.7,34434.7,False,False,0,25453.24,8878.67,25453.24
sosusdt,2,8,1,0.0,2.59e-06,0,1,0,0,5.8e-07,2.1e-07,1.56e-06,2.59e-06,10000.0000004,1.56e-06,1.56e-06,2.59e-06,7.63e-06,7.63e-06,False,False,0,0.0,2.1e-07,2.59e-06
trxusdt,2,6,0,0.057735,0.07204,1,0,1,0,0.092703,0.062207,0.057735,0.079546,0.079546,-9999.928585,0.057735,0.071645,0.103872,0.103872,False,False,1,0.079546,0.057735,0.092703
ftiusdt,2,8,1,0.0,0.000109,0,1,0,0,6.2e-05,4.923e-05,5.827e-05,0.000109,10000.00006087,5.827e-05,5.827e-05,0.000109,0.000326,0.000326,False,False,0,0.0,4.923e-05,0.000109
hbbusdt,4,4,1,0.4048,1.168,0,1,0,1,1.148,0.7472,0.9751,1.168,10000.9275,0.9751,1.4028,1.168,2.1281,2.1281,False,False,0,0.9751,0.7472,1.168
galausdt,2,6,1,0.0,0.291498,0,1,0,1,0.11722,0.049342,0.192164,0.291498,10000.087782,0.192164,0.192164,0.291498,0.126755,0.126755,False,False,0,0.154022,0.049342,0.291498
elausdt,2,4,1,0.0,3.44,2,1,1,1,2.0174,1.9016,1.601,2.1548,2.1548,1.601,2.9201,2.1548,4.4489,4.4489,False,True,0,1.601,1.9016,2.1548
mxusdt,2,4,1,1.5889,2.6747,0,1,0,1,1.7578,1.3141,2.3125,2.6747,10001.5842,2.3125,2.3125,2.6747,1.7476,1.7476,False,False,0,2.964,1.3141,2.6747
canusdt,4,6,1,0.0,0.0088,0,1,0,0,0.000779,0.000396,0.005109,0.0088,10000.000779,0.005109,0.022801,0.0088,0.022801,0.022801,False,False,0,0.0,0.000396,0.0088
uni2susdt,4,6,2,0.274709,0.415027,2,1,1,1,1.155913,0.682778,0.211745,1.399746,1.399746,-9999.154205,0.355393,0.415027,0.213325,0.213325,False,False,0,0.211745,0.682778,1.399746
tincusdt,4,4,2,0.0,0.0,0,0,0,0,0.99,0.5234,0.6691,0.6691,10000.7099,-9999.369,0.6691,0.6691,0.6691,0.6691,False,False,1,0.0,0.5234,0.99
waxpusdt,2,6,2,0.259768,0.52549,0,1,1,1,0.137089,0.080472,0.259768,0.394991,10000.12633,-9999.657931,0.259768,0.323471,0.454756,0.454756,False,False,0,0.394991,0.080472,0.394991
racausdt,4,6,2,0.0,0.0,0,1,0,0,0.000842,0.000355,0.002305,0.0028,10000.000609,-9999.997844,0.002305,0.002305,0.002305,0.002305,False,False,0,0.0,0.000355,0.0028
zbcusdt,4,6,2,0.0,0.0,0,1,0,0,0.019922,0.015468,0.0305,0.063726,10000.019493,-9999.965302,0.0305,0.0305,0.0305,0.0305,False,False,0,0.0,0.015468,0.063726
wiccusdt,4,4,1,0.0,0.1771,0,1,0,0,0.0949,0.059,0.1444,0.1771,10000.0803,0.1444,0.1501,0.1771,0.16,0.16,False,False,0,0.1444,0.059,0.1771
xtzusdt,4,4,2,2.84,4.1898,0,1,1,1,2.2077,1.4498,2.84,4.1323,10001.8,-9996.2828,2.84,3.6669,6.1826,6.1826,False,False,0,4.1323,1.4498,4.1323
adpusdt,4,6,0,0.0,0.0,0,0,0,0,0.023744,0.011441,0.015227,0.015227,0.015227,-9999.979485,0.015227,0.015227,0.015227,0.015227,False,False,1,0.0,0.011441,0.023744
nymusdt,4,4,2,0.0,0.0,0,1,0,0,0.639,0.2762,2.0313,6.9,10000.4882,2.0313,2.0313,2.0313,2.0313,2.0313,False,False,0,0.0,0.2762,6.9
dot2lusdt,4,4,2,2.5345,8.91,0,1,1,1,0.9779,0.2753,2.5345,4.1686,10000.4787,-9996.5566,2.5345,2.9408,42.5397,42.5397,False,False,0,4.1686,0.2753,4.1686
ognusdt,2,4,1,0.4446,0.6715,0,1,0,1,0.3226,0.1485,0.5592,0.6715,10000.2707,0.5592,0.5592,0.6715,1.0859,1.0859,False,False,0,0.7251,0.1485,0.6715
unicusdt,4,4,2,0.0,22.0341,0,1,1,0,13.6047,10.1959,18.2151,30.6863,10012.81,-9978.8003,77.351,22.0341,77.351,77.351,False,False,0,18.2151,10.1959,30.6863
arknusdt,4,6,2,0.0,0.0,0,1,0,0,0.0331,0.008787,0.110501,0.150018,10000.0156,-9999.909,0.110501,0.110501,0.110501,0.110501,False,False,0,0.0,0.008787,0.150018
swftcusdt,2,6,1,0.001353,0.0043,1,2,1,1,0.001462,0.001142,0.000747,0.0043,10000.001218,0.000747,0.001906,0.0043,0.001805,0.001805,False,False,1,0.000747,0.000747,0.001462
fisusdt,2,4,2,0.0,0.7964,1,2,1,0,0.4469,0.2219,0.1736,0.8793,10000.2594,0.1736,0.7131,0.7964,1.7258,1.7258,False,False,1,0.4954,0.1736,0.4469
yeeusdt,2,6,1,0.0,0.001054,1,2,1,0,0.00048,0.000156,0.000103,0.001054,10000.000164,0.000103,0.002849,0.001054,0.002849,0.002849,False,False,1,0.000103,0.000103,0.00048
iostusdt,4,6,2,0.0,0.027852,0,1,1,0,0.020274,0.014087,0.019458,0.05436,10000.017642,-9999.965123,0.024705,0.027852,0.053263,0.053263,False,False,0,0.019458,0.014087,0.05436
firousdt,4,4,1,0.0,5.4175,0,1,0,1,2.3738,1.1005,2.929,5.4175,10002.0,2.929,2.929,5.4175,8.488,8.488,False,False,0,3.0748,1.1005,5.4175
uipusdt,2,6,1,0.0,0.000719,0,1,0,0,0.00051,0.000259,0.000421,0.000719,10000.000371,0.000421,0.000421,0.000719,0.006612,0.006612,False,False,0,0.00042,0.000259,0.000719
ensusdt,4,4,2,16.0474,23.4573,0,1,1,1,15.1144,7.3712,16.0474,29.4926,10013.6991,-9979.6292,16.0474,20.5735,42.0009,42.0009,False,False,0,29.4926,7.3712,29.4926
ctxusdt,4,4,1,6.5033,5.4525,0,1,0,0,5.7221,2.7285,4.5313,5.4525,10004.8275,4.5313,6.5033,5.4525,10.9236,10.9236,False,False,0,5.197,2.7285,5.4244
kncusdt,2,4,2,1.7457,0.0,1,2,0,1,2.8465,2.335,1.1094,5.7632,10001.6366,1.1094,1.7457,1.461,2.0703,2.0703,False,False,1,2.3868,1.1094,2.8465
rocousdt,4,4,1,0.3562,0.189,0,1,0,1,0.1448,0.079,0.1678,0.189,10000.1222,0.1678,0.3562,0.189,0.882,0.882,False,False,0,0.75,0.079,0.189
xemusdt,4,4,2,0.0906,0.2396,0,1,1,1,0.07,0.0374,0.0906,0.1277,10000.0599,-9999.9009,0.0906,0.1024,0.2051,0.2051,False,False,0,0.1277,0.0374,0.1277
atsusdt,2,6,1,0.0,0.371253,0,1,0,1,0.220884,0.200001,0.303671,0.371253,10000.220884,0.303671,0.32523,0.371253,0.32,0.32,False,False,0,0.303671,0.200001,0.371253
seeleusdt,2,6,1,0.004136,0.007496,1,2,1,1,0.007536,0.007123,0.006111,0.007496,10000.00638,0.006111,0.006603,0.007496,0.003876,0.003876,False,False,1,0.006111,0.006111,0.007536
wnxmusdt,4,4,2,24.7054,75.4243,0,1,1,1,22.3226,15.2802,24.7054,40.6412,10017.4503,-9966.6999,24.7054,31.9355,52.588,52.588,False,False,0,40.6412,15.2802,40.6412
usdtbrl,1,3,2,0.0,0.0,0,0,0,0,5.289,4.652,5.017,5.017,10005.25,-9995.346,5.017,5.017,5.017,5.017,False,False,1,0.0,4.654,5.289
batusdt,2,4,2,0.6147,0.9869,0,1,1,1,0.4994,0.3057,0.6147,0.9791,10000.4091,-9999.1143,0.6147,0.7669,0.9665,0.9665,False,False,0,0.9791,0.3057,0.9791
bntusdt,2,4,1,2.0874,2.6167,0,1,0,1,1.5426,1.252,2.4892,2.6167,10001.4126,2.4892,2.4892,2.6167,4.3414,4.3414,False,False,0,2.9597,1.252,2.6167
usddusdt,4,4,0,0.0,0.0,0,0,0,0,1.0705,0.9821,1.0001,1.0001,1.0001,-9999.0012,1.0001,1.0001,1.0001,1.0001,False,False,1,0.0,0.9821,1.0705
sisusdt,4,4,1,0.0,1.2069,0,1,0,0,0.4422,0.2501,1.1515,1.2069,10000.3057,1.1515,2.6499,1.2069,2.6499,2.6499,False,False,0,1.1515,0.2501,1.2069
kaiusdt,4,6,2,0.0,0.0,0,1,0,0,0.016624,0.010278,0.031717,0.075,10000.016624,-9999.968806,0.031717,0.031717,0.031717,0.031717,False,False,0,0.0,0.010278,0.075
spausdt,2,6,2,0.089042,0.064764,0,1,1,1,0.122331,0.049772,0.089042,0.244017,10000.055799,-9999.788231,0.089042,0.064764,0.064185,0.064185,False,False,0,0.244017,0.049772,0.244017
ogousdt,2,6,2,0.0,0.0,0,1,0,0,0.002058,0.000491,0.012727,0.0144,10000.000881,-9999.9872,0.012727,0.012727,0.012727,0.012727,False,False,0,0.0,0.000491,0.0144
linkusdt,2,4,1,14.2926,14.6137,0,1,0,1,7.9881,5.5187,13.3254,14.6137,10007.3651,13.3254,14.2926,14.6137,31.3604,31.3604,False,False,0,18.329,5.5187,14.6137
gstusdt,4,4,2,0.0,0.0,0,1,0,2,3.3573,1.9014,4.01,7.2068,10003.042,-9994.2748,3.0891,3.0891,3.0891,3.0891,False,False,0,7.2068,1.9014,7.2068
ontusdt,4,4,1,0.466,0.6266,0,1,0,1,0.3112,0.191,0.4719,0.6266,10000.2855,0.4719,0.4719,0.6266,1.0376,1.0376,False,False,0,0.7047,0.191,0.6266
vempusdt,3,5,2,0.0,0.0,0,1,0,0,0.04493,0.02303,0.11934,0.134,10000.03964,0.11934,0.11934,0.11934,0.11934,0.11934,False,False,0,0.0,0.02303,0.134
sunusdt,2,6,1,0.0,0.017114,0,1,0,0,0.010126,0.007701,0.01357,0.017114,10000.009078,0.01357,0.01357,0.017114,0.035501,0.035501,False,False,0,0.010662,0.007701,0.017114
xmxusdt,2,8,1,0.0,5.1e-05,1,2,1,0,2.9e-05,1.547e-05,1.339e-05,5.1e-05,10000.00001702,1.339e-05,6e-05,5.1e-05,0.000322,0.000322,False,False,1,1.339e-05,1.339e-05,2.9e-05
rankerusdt,4,6,1,0.0,0.026372,1,2,1,0,0.02664,0.009504,0.008003,0.026372,10000.011137,0.008003,0.1533,0.026372,0.1533,0.1533,False,False,1,0.008003,0.008003,0.02664
adausdt,4,6,1,0.777175,0.905693,0,1,0,1,0.614232,0.402168,0.73507,0.905693,10000.54484,0.73507,0.777175,0.905693,2.068147,2.068147,False,False,0,1.245516,0.402168,0.905693
thetausdt,4,4,1,2.6283,3.5381,0,1,0,1,1.9067,1.028,2.7566,3.5381,10001.3274,2.7566,2.7566,3.5381,7.3093,7.3093,False,False,0,4.3964,1.028,3.5381
frontusdt,4,6,1,0.0,0.85,1,2,1,0,0.321418,0.165108,0.13545,0.85,10000.205704,0.13545,0.873732,0.85,1.119759,1.119759,False,False,1,0.13545,0.13545,0.321418
valueusdt,4,4,1,0.0,0.764,1,2,1,0,0.1684,0.1309,0.1,0.764,10000.1449,0.1,1.3938,0.764,1.3938,1.3938,False,False,1,0.1,0.1,0.1684
itcusdt,4,6,1,0.0,0.0184,0,1,0,0,0.012,0.006,0.0154,0.0184,10000.0109,0.0154,0.0234,0.0184,0.0897,0.0897,False,False,0,0.0154,0.006,0.0184
ceekusdt,4,4,2,0.0,0.0,0,1,0,0,0.2741,0.1095,0.525,0.69,10000.21,0.525,0.525,0.525,0.525,0.525,False,False,0,0.0,0.1095,0.69
xcadusdt,4,4,2,0.0,0.0,1,2,0,0,2.9765,2.2153,1.7153,4.9696,10002.348,1.7153,2.4963,2.4963,2.4963,2.4963,False,False,1,0.0,1.7153,2.9765
audiousdt,4,4,1,0.0,1.4496,0,1,0,0,0.5076,0.2969,0.9945,1.4496,10000.4468,0.9945,0.7937,1.4496,0.7937,0.7937,False,False,0,0.0,0.2969,1.4496
nasusdt,4,4,2,0.0,0.3039,0,0,1,0,0.1186,0.0654,0.1681,0.2119,10000.1042,-9999.7784,0.3254,0.2119,0.4439,0.4439,False,False,0,0.1681,0.0654,0.2119
mplusdt,4,4,1,0.0,53.6299,0,1,0,1,27.012,22.118,45.0,53.6299,10025.5938,45.0,13.55,53.6299,13.55,13.55,False,False,0,85.0009,22.118,53.6299
sxpusdt,4,4,1,1.1714,1.4587,0,1,0,1,0.5272,0.3188,1.1564,1.4587,10000.4899,1.1564,1.1564,1.4587,2.3865,2.3865,False,False,0,2.852,0.3188,1.4587
sandusdt,4,6,1,0.0,3.096095,0,1,0,0,1.851928,0.96231,2.540161,3.096095,10001.385092,2.540161,2.540161,3.096095,3.275223,3.275223,False,False,0,2.62531,0.96231,3.096095
nglusdt,4,4,1,0.0,0.6979,0,1,0,1,0.625,0.4102,0.583,0.6979,10000.5276,0.583,0.6667,0.6979,3.6539,3.6539,False,False,0,0.583,0.4102,0.6979
pvtusdt,2,8,1,0.0,8e-05,1,2,1,0,3.198e-05,2.207e-05,2.001e-05,8e-05,10000.00002498,2.001e-05,0.000327,8e-05,0.000327,0.000327,False,False,1,2.001e-05,2.001e-05,3.198e-05
crousdt,2,6,1,0.0,0.427239,0,1,0,1,0.213549,0.168878,0.39176,0.427239,10000.198623,0.39176,0.43616,0.427239,0.249641,0.249641,False,False,0,0.39176,0.168878,0.427239
ringusdt,2,6,1,0.0,0.024112,0,1,0,0,0.01211,0.00901,0.021143,0.024112,10000.010003,0.021143,0.021143,0.024112,0.10073,0.10073,False,False,0,0.015434,0.00901,0.024112
dogeusdt,2,6,2,0.0,0.157859,0,1,1,0,0.114168,0.068828,0.106618,0.179456,10000.088018,-9999.858873,0.140578,0.157859,0.266265,0.266265,False,False,0,0.106618,0.068828,0.179456
ksmusdt,3,4,1,115.6632,186.4839,0,1,0,1,89.156,62.028,148.3631,186.4839,10081.7005,148.3631,166.647,186.4839,441.8828,441.8828,False,False,0,148.3631,62.028,186.4839
forthusdt,4,4,1,0.0,7.2039,1,2,1,0,4.9586,2.4827,1.9769,7.2039,10002.8287,1.9769,5.2973,7.2039,17.2,17.2,False,False,1,1.9769,1.9769,4.9586
eos3susdt,4,8,2,0.0,7e-06,1,0,1,1,2.785e-05,1.451e-05,3.04e-06,7e-06,10000.00000456,-9999.99998363,4.53e-06,7e-06,1.026e-05,1.026e-05,False,False,1,3.04e-06,3.04e-06,2.785e-05
aiozusdt,4,4,1,0.0,0.1778,1,2,1,0,0.1362,0.0745,0.063,0.1778,10000.0752,0.063,0.1842,0.1778,0.1842,0.1842,False,False,1,0.063,0.063,0.1362
vidyusdt,2,6,0,0.000121,0.0,2,1,0,1,0.000222,0.00013,0.000121,0.0003,0.0003,-9999.999824,0.000121,0.000195,0.00168,0.00168,False,False,0,0.0003,0.00013,0.0003
lokausdt,4,4,1,0.0,3.48,0,1,0,0,2.351,0.7824,2.2037,3.48,10001.4496,2.2037,2.4605,3.48,2.4605,2.4605,False,False,0,0.0,0.7824,3.48
stnusdt,2,4,1,0.0,0.1689,0,1,0,0,0.0341,0.0304,0.1228,0.1689,10000.0341,0.1228,0.5449,0.1689,0.5449,0.5449,False,False,0,0.0,0.0304,0.1689
diausdt,4,4,1,0.0,1.2499,1,2,1,0,1.2,0.391,0.3019,1.2499,10000.3941,0.3019,1.0387,1.2499,1.0387,1.0387,False,False,1,0.3019,0.3019,1.2
zenusdt,4,4,2,32.5011,60.311,0,1,1,1,26.8667,15.2195,32.5011,53.3042,10021.3936,-9953.5,32.5011,40.4572,82.9348,82.9348,False,False,0,53.3042,15.2195,53.3042
injusdt,4,4,1,0.0,5.3592,0,1,0,0,2.7416,1.5375,3.425,5.3592,10002.5021,3.425,10.953,5.3592,10.953,10.953,False,False,0,3.425,1.5375,5.3592
vrausdt,4,6,2,0.018329,0.0,0,1,0,1,0.010661,0.005241,0.018329,0.030878,10000.008595,-9999.975443,0.018329,0.0252,0.025102,0.025102,False,False,0,0.030878,0.005241,0.030878
sdusdt,4,4,1,0.0,5.2356,0,1,0,0,1.4586,0.8449,4.5763,5.2356,10001.3089,4.5763,4.7,5.2356,7.5,7.5,False,False,0,4.5763,0.8449,5.2356
cruusdt,4,4,1,0.0,2.4995,0,1,0,0,1.2324,0.75,1.8904,2.4995,10001.2324,1.8904,30.6529,2.4995,30.6529,30.6529,False,False,0,1.8904,0.75,2.4995
sofiusdt,4,4,1,0.0,0.5806,0,1,0,0,0.1584,0.1116,0.2722,0.5806,10000.1239,0.2722,0.5309,0.5806,0.5309,0.5309,False,False,0,0.2722,0.1116,0.5806
chrusdt,2,6,2,0.336236,0.688151,0,1,1,1,0.289397,0.139804,0.336236,0.685,10000.227291,-9999.417272,0.336236,0.45,0.653351,0.653351,False,False,0,0.685,0.139804,0.685
ctsiusdt,2,4,1,0.0,0.5464,0,1,0,1,0.231,0.126,0.2816,0.5464,10000.1982,0.2816,0.7749,0.5464,0.7749,0.7749,False,False,0,0.2816,0.126,0.5464
irisusdt,2,6,1,0.079564,0.085209,0,1,0,1,0.035303,0.016546,0.049574,0.085209,10000.027054,0.049574,0.079564,0.085209,0.11828,0.11828,False,False,0,0.14436,0.016546,0.082536
gqusdt,4,6,2,0.0,0.0,1,0,0,0,0.018143,0.01285,0.006563,0.055691,10000.010309,0.055691,0.055691,0.055691,0.055691,0.055691,False,False,1,0.0,0.006563,0.018143
requsdt,1,4,2,0.185,0.3151,0,1,1,1,0.1299,0.0905,0.185,0.3342,10000.1202,-9999.7522,0.185,0.2448,0.2156,0.2156,False,False,0,0.3342,0.0905,0.3342
reefusdt,4,6,1,0.0,0.012732,0,1,0,0,0.006001,0.002738,0.007877,0.012732,10000.004752,0.007877,0.03545,0.012732,0.03545,0.03545,False,False,0,0.007877,0.002738,0.012732
upiusdt,4,4,2,0.0,0.0,1,2,0,1,0.0531,0.021,0.0141,0.1799,10000.0222,0.0141,0.145,0.145,0.145,0.145,False,False,1,0.1799,0.0141,0.0531
usdtrub,1,2,2,0.0,0.0,0,0,0,0,62.5,58.41,62.36,62.36,10062.5,62.36,62.36,62.36,62.36,62.36,False,False,0,0.0,58.41,68.5
wtcusdt,4,4,1,0.3929,0.5627,1,2,1,1,0.295,0.1616,0.1134,0.5627,10000.1626,0.1134,0.5035,0.5627,0.9976,0.9976,False,False,1,0.1134,0.1134,0.295
steemusdt,4,4,2,0.3093,0.5224,0,1,1,1,0.3035,0.1862,0.3093,0.6459,10000.2937,-9999.5438,0.3093,0.3462,0.6063,0.6063,False,False,0,0.6459,0.1862,0.6459
diousdt,2,6,2,0.0,0.0,0,0,0,0,0.98,0.05,0.593033,0.593033,10000.061535,0.593033,0.593033,0.593033,0.593033,0.593033,False,False,1,0.0,0.05,0.98
crvusdt,4,4,1,1.8681,2.6713,0,1,0,1,1.6918,0.9926,1.9487,2.6713,10001.1912,1.9487,1.9487,2.6713,4.1978,4.1978,False,False,0,3.0588,0.9926,2.6713
cereusdt,4,6,1,0.0,0.040548,0,1,0,0,0.013939,0.007939,0.020326,0.040548,10000.012119,0.020326,0.287992,0.040548,0.287992,0.287992,False,False,0,0.0,0.007939,0.040548
galusdt,4,4,2,0.0,0.0,0,0,0,0,18.471,1.5,14.667,14.667,10006.4389,-9986.0589,14.667,14.667,14.667,14.667,False,False,1,0.0,1.5,18.471
bnbusdt,4,2,2,385.35,442.4,1,2,1,1,315.9,262.32,217.84,460.04,10290.22,217.84,385.35,402.58,591.95,591.95,False,False,1,460.04,217.84,315.9
wxtusdt,2,6,0,0.007514,0.0,2,1,0,1,0.012213,0.007942,0.007514,0.013422,0.013422,-9999.989639,0.007514,0.008554,0.007044,0.007044,False,False,0,0.013422,0.007942,0.013422
ektusdt,2,6,2,0.0,0.0,0,1,0,1,0.000414,0.000282,0.004613,0.0055,10000.000364,-9999.9955,0.004613,0.004613,0.004613,0.004613,False,False,0,0.0055,0.000282,0.0055
htusdt,4,4,2,8.6738,10.05,0,1,1,1,7.8507,6.0,8.6738,9.919,10007.1246,-9990.477,8.6738,9.63,11.2758,11.2758,False,False,0,9.919,6.0,9.919
letusdt,4,6,1,0.0,0.003887,0,1,0,0,0.001999,0.000821,0.002379,0.003887,10000.0014,0.002379,0.006051,0.003887,0.006051,0.006051,False,False,0,0.002379,0.000821,0.003887
avaxusdt,4,4,1,65.5446,90.538,0,1,0,1,48.6392,23.4804,81.37,90.538,10031.9494,81.37,81.37,90.538,71.4104,71.4104,False,False,0,103.6142,23.4804,89.9003
orbrusdt,4,4,2,0.0,0.0,0,0,0,0,29.8379,18.1052,25.3662,25.3662,10022.2022,25.3662,25.3662,25.3662,25.3662,25.3662,False,False,1,0.0,18.1052,29.8379
socusdt,2,6,2,0.0,0.0025,0,1,1,0,0.002626,0.001286,0.00183,0.00445,10000.001982,-9999.997618,0.002454,0.0025,0.008312,0.008312,False,False,0,0.00183,0.001286,0.00445
filusdt,4,4,1,0.0,28.168,0,1,0,0,9.5448,6.7002,16.4288,28.168,10008.341,16.4288,62.6099,28.168,62.6099,62.6099,False,False,0,0.0,6.7002,28.168
chzusdt,4,6,2,0.183,0.0,0,1,0,1,0.1415,0.084618,0.183,0.332,10000.128597,-9999.744676,0.183,0.236716,0.450927,0.450927,False,False,0,0.332,0.084618,0.332
stfusdt,4,4,1,0.0,0.085,0,1,0,1,0.0224,0.0064,0.0383,0.085,10000.0129,0.0383,2.0388,0.085,2.0388,2.0388,False,False,0,2.7598,0.0064,0.085
spellfireusdt,4,6,1,0.0,0.0282,0,1,0,0,0.0125,0.004523,0.008494,0.0282,10000.007236,0.008494,0.139899,0.0282,0.139899,0.139899,False,False,0,0.008494,0.004523,0.0282
elonusdt,2,9,1,6.45e-07,1.264e-06,0,1,0,1,6.1e-07,3.5e-07,7.39e-07,1.264e-06,10000.000000504,7.39e-07,7.39e-07,1.264e-06,1.74e-06,1.74e-06,False,False,0,1.298e-06,3.5e-07,1.264e-06
radusdt,4,4,1,4.2056,5.9516,0,1,0,1,2.459,1.4272,4.8604,5.9516,10002.1405,4.8604,4.8604,5.9516,12.1031,12.1031,False,False,0,9.6336,1.4272,5.9516
cudosusdt,4,6,1,0.0,0.022306,0,1,0,0,0.015042,0.007367,0.01898,0.022306,10000.011463,0.01898,0.025158,0.022306,0.025158,0.025158,False,False,0,0.01898,0.007367,0.022306
bagsusdt,4,4,1,0.0,5.4059,0,1,0,0,1.9596,1.0,3.6131,5.4059,10001.3793,3.6131,3.6131,5.4059,19.7459,19.7459,False,False,0,3.1002,1.0,5.4059
abbcusdt,4,4,1,0.0,0.126,2,1,1,0,0.0945,0.0778,0.0673,0.0945,0.0941,0.0673,0.1558,0.0945,0.1558,0.1558,False,True,0,0.0673,0.0778,0.0941
lrcusdt,4,4,2,0.0,1.2289,0,1,1,0,0.6096,0.3273,0.6273,1.3616,10000.5093,-9998.7959,0.8103,1.2289,1.2865,1.2865,False,False,0,0.6273,0.3273,1.3616
bandusdt,2,4,2,3.5075,10.0,0,1,1,1,2.0234,1.2811,3.5075,5.6306,10001.8061,-9995.4452,3.5075,3.895,10.3402,10.3402,False,False,0,5.6306,1.2811,5.6306
bullusdt,2,6,1,0.0,0.043916,0,1,0,0,0.05,0.011002,0.02691,0.043916,10000.019635,0.02691,0.165334,0.043916,0.165334,0.165334,False,False,0,0.0,0.011002,0.043916
mkrusdt,6,2,1,2231.86,2004.53,1,2,1,1,2302.09,954.68,1024.49,2004.53,11257.14,1024.49,1798.5,2004.53,3500.63,3500.63,False,False,1,1024.49,1024.49,2302.09
1solusdt,4,4,1,0.0,0.4157,1,2,1,0,0.1134,0.0851,0.085,0.4157,10000.0958,0.085,2.2,0.4157,2.2,2.2,False,False,1,0.085,0.085,0.1134
nftusdt,0,10,1,0.0,2.1409e-06,0,1,0,0,9.834e-07,6.873e-07,1.49e-06,2.1409e-06,10000.0000007892,1.49e-06,2.6074e-06,2.1409e-06,4.781e-06,4.781e-06,False,False,0,1.49e-06,6.873e-07,2.1409e-06
renusdt,2,6,1,0.321494,0.42252,0,1,0,1,0.18629,0.121511,0.303588,0.42252,10000.152666,0.303588,0.321494,0.42252,0.984027,0.984027,False,False,0,0.531254,0.121511,0.42252
wildusdt,4,4,1,0.0,1.265,1,2,1,0,0.4741,0.3105,0.3031,1.265,10000.4182,0.3031,1.1667,1.265,1.779,1.779,False,False,1,0.3031,0.3031,0.4741
maskusdt,4,4,2,0.0,4.9979,0,1,1,1,2.1332,1.2722,3.5419,6.4506,10002.1291,-9994.2284,12.8225,4.9979,12.8225,12.8225,False,False,0,3.5419,1.2722,6.4506
bttusdt,4,10,2,1.7875e-06,0.0,0,1,0,1,1.2839e-06,9.868e-07,1.7875e-06,2.344e-06,10000.0000011433,-9999.9999978797,1.7875e-06,1.8899e-06,2.0883e-06,2.0883e-06,False,False,0,2.344e-06,9.868e-07,2.344e-06
phcrusdt,4,6,1,0.0,0.00104,0,1,0,0,0.000235,0.000101,0.0004,0.00104,10000.000193,0.0004,0.004561,0.00104,0.004561,0.004561,False,False,0,0.0,0.000101,0.00104
vrusdt,4,4,1,0.0,0.1698,1,2,1,0,0.09,0.0271,0.0229,0.1698,10000.045,0.0229,0.2084,0.1698,0.2084,0.2084,False,False,1,0.0229,0.0229,0.09
btc3lusdt,4,4,2,7.5406,9.5233,0,1,1,1,3.6871,2.226,7.552,10.2894,10003.2449,-9991.0607,8.0614,9.5233,70.7106,70.7106,False,False,0,7.552,2.226,10.2894
lunrusdt,4,4,2,0.0,0.0,0,1,0,0,0.54,0.2145,0.4753,0.6685,10000.3444,0.4753,0.4753,0.4753,0.4753,0.4753,False,False,0,0.0,0.2145,0.6685
dhtusdt,4,4,1,0.3825,0.44,0,1,0,0,0.443,0.1135,0.2178,0.44,10000.1592,0.2178,0.3825,0.44,1.0111,1.0111,False,False,0,0.0,0.1135,0.44
lbausdt,4,6,2,0.0,0.003656,1,2,0,1,0.001622,0.001137,0.000817,0.004052,10000.001274,0.000817,0.002877,0.003656,0.003555,0.003555,False,False,1,0.002643,0.000817,0.001622
ntusdt,4,6,1,0.0,0.0576,0,1,0,0,0.012,0.007717,0.0302,0.0576,10000.00905,0.0302,0.1136,0.0576,0.1136,0.1136,False,False,0,0.0302,0.007717,0.0576
etcusdt,4,4,2,25.003,0.0,0,1,0,1,22.8225,16.0115,25.003,52.671,10021.2119,-9955.4567,25.003,31.5817,54.181,54.181,False,False,0,52.671,16.0115,52.671
oneusdt,2,6,1,0.217303,0.180115,0,1,0,1,0.067409,0.032031,0.109734,0.180115,10000.049445,0.109734,0.217303,0.180115,0.300549,0.300549,False,False,0,0.37939,0.032031,0.180115
chsbusdt,4,4,1,0.0,0.4032,1,2,1,0,0.3475,0.2617,0.2216,0.4032,10000.285,0.2216,0.5418,0.4032,0.5418,0.5418,False,False,1,0.2216,0.2216,0.3475
bicousdt,4,4,2,1.1521,6.33,1,2,1,1,0.7937,0.5421,0.3604,2.3562,10000.595,0.3604,1.1521,1.7002,6.3,6.3,False,False,1,2.3562,0.3604,0.7937
winusdt,2,8,2,0.0,0.0,0,1,0,0,0.0002164,0.00013074,0.00028901,0.00041527,10000.00014601,-9999.9997107,0.00028901,0.00028901,0.00028901,0.00028901,False,False,0,0.0,0.00013074,0.00041527
yggusdt,4,4,1,0.0,2.0953,0,1,0,1,0.9194,0.4786,1.6575,2.0953,10000.6496,1.6575,2.3372,2.0953,6.5129,6.5129,False,False,0,1.6575,0.4786,2.0953
superusdt,4,4,2,0.5918,0.6656,0,1,1,1,0.2351,0.1461,0.568,0.9257,10000.2091,-9999.2322,0.5834,0.6656,1.7732,1.7732,False,False,0,0.568,0.1461,0.9257
rethusdt,4,6,0,0.0,0.0,0,0,0,0,0.240018,0.020001,0.034224,0.034224,0.034224,-9999.954691,0.034224,0.034224,0.034224,0.034224,False,False,0,0.0,0.020001,0.069
pluusdt,4,4,2,0.0,13.7402,1,0,1,1,17.1464,6.446,6.0097,13.7402,10006.5292,-9992.1744,13.7295,13.7402,13.7295,13.7295,False,False,1,6.0097,6.0097,17.1464
ttusdt,2,6,1,0.007254,0.014418,1,2,1,1,0.007462,0.005508,0.00453,0.014418,10000.006144,0.00453,0.007254,0.014418,0.013199,0.013199,False,False,1,0.00453,0.00453,0.007462
monousdt,4,4,2,0.0,0.0,0,0,0,0,11.9,0.4,6.9587,6.9587,10000.4675,6.9587,6.9587,6.9587,6.9587,6.9587,False,False,1,0.0,0.4,11.9
stakeusdt,4,4,1,12.7267,12.3122,0,1,0,1,7.847,6.5293,9.9267,12.3122,10007.0622,9.9463,9.9267,12.3122,13.3137,13.3137,False,False,0,9.072,6.5293,12.3122
ocnusdt,4,8,1,0.0,0.00030602,0,1,0,0,0.00014393,8.33e-05,0.00020001,0.00030602,10000.00011875,0.00020001,0.00090558,0.00030602,0.00090558,0.00090558,False,False,0,0.00020001,8.33e-05,0.00030602
bchusdt,4,2,1,0.0,353.26,0,1,0,0,249.95,156.91,290.79,353.26,10200.55,290.79,290.79,353.26,600.07,600.07,False,False,0,259.5,156.91,353.26
xmrusdt,4,2,2,0.0,230.53,1,2,1,0,184.22,150.76,118.81,288.86,288.86,118.81,118.81,230.53,268.4,268.4,True,False,1,128.62,118.81,184.22
erthausdt,2,6,2,0.0,0.055229,0,1,1,0,0.026394,0.012645,0.048516,0.071506,10000.022303,-9999.949999,0.198999,0.055229,0.198999,0.198999,False,False,0,0.048516,0.012645,0.071506
unbusdt,4,6,2,0.005201,0.0,1,2,0,1,0.0034,0.0015,0.001292,0.009216,10000.002002,0.001292,0.005201,0.006426,0.086275,0.086275,False,False,1,0.009216,0.001292,0.0034
radarusdt,4,6,1,0.0,0.01527,0,1,0,0,0.011876,0.006,0.012262,0.01527,10000.008484,0.012262,0.012262,0.01527,0.032093,0.032093,False,False,0,0.011191,0.006,0.01527
mboxusdt,4,4,2,0.0,0.0,0,1,0,1,1.2894,0.8112,1.8085,4.4198,10001.1624,-9997.1295,2.3169,2.3169,2.3169,2.3169,False,False,0,2.7148,0.8112,4.4198
iotxusdt,2,6,2,0.06541,0.0,1,2,0,1,0.035153,0.02418,0.0214,0.114643,10000.031498,0.0214,0.06541,0.082616,0.084127,0.084127,False,False,1,0.114643,0.0214,0.035153
yfiiusdt,4,4,2,1997.4555,2691.6624,0,1,1,1,1450.0,860.5315,1997.4555,2437.53,11279.4801,-7697.8166,1997.4555,2025.8457,3839.6787,3839.6787,False,False,0,2437.53,860.5315,2437.53
usdtuah,1,2,0,0.0,0.0,0,0,0,0,36.92,33.0,35.05,35.05,35.05,-9965.99,35.05,35.05,35.05,35.05,False,False,1,0.0,33.0,36.92
nctusdt,4,6,2,0.0,0.042962,1,2,1,1,0.044526,0.023262,0.011986,0.054165,10000.019474,0.011986,0.094093,0.042962,0.094093,0.094093,False,False,1,0.030454,0.011986,0.044526
bitusdt,4,4,2,0.0,0.0,0,1,0,0,0.9189,0.7941,1.082,1.3661,10000.8209,-9998.8897,1.082,1.082,1.082,1.082,False,False,0,0.0,0.7941,1.3661
sklusdt,4,6,1,0.107535,0.204831,0,1,0,1,0.098163,0.060161,0.153391,0.204831,10000.086469,0.153391,0.153391,0.204831,0.376528,0.376528,False,False,0,0.332058,0.060161,0.204831
utkusdt,2,4,2,0.0,0.0,0,1,0,0,0.1551,0.0919,0.4127,0.5427,10000.1445,-9999.5873,0.4127,0.4127,0.4127,0.4127,False,False,0,0.0,0.0919,0.5427
pushusdt,4,4,1,0.0,1.0568,0,1,0,0,0.6968,0.45,0.9105,1.0568,10000.5482,0.9105,0.9105,1.0568,2.6394,2.6394,False,False,0,0.9031,0.45,1.0568
lhbusdt,2,6,1,0.0,0.0292,0,1,0,0,0.001539,0.00119,0.0255,0.0292,10000.001452,0.0255,0.0347,0.0292,0.0347,0.0347,False,False,0,0.0,0.00119,0.0292
cawusdt,2,12,1,0.0,1.44e-07,0,1,0,0,8.1385e-08,2.8001e-08,6.1339e-08,1.44e-07,10000.000000077798,6.1339e-08,1.14702e-07,1.44e-07,1.14702e-07,1.14702e-07,False,False,0,0.0,2.8001e-08,1.44e-07
rifiusdt,4,4,2,0.0,0.0,0,1,0,0,0.0609,0.0228,1.5204,3.91,10000.0294,1.5204,1.5204,1.5204,1.5204,1.5204,False,False,0,0.0,0.0228,3.91
link3susdt,4,4,2,4.0102,6.6985,2,1,1,1,30.1289,15.3874,4.8808,46.4867,46.4867,-9976.0,5.1062,6.6985,4.0567,4.0567,False,False,0,4.8808,15.3874,46.4867
gearusdt,4,4,1,0.0,0.1202,0,1,0,0,0.0277,0.016,0.058,0.1202,10000.02,0.058,0.466,0.1202,0.466,0.466,False,False,0,0.058,0.016,0.1202
polsusdt,4,4,1,0.0,2.8069,0,1,0,0,0.7051,0.5052,1.105,2.8069,10000.7029,1.105,2.8798,2.8069,2.9652,2.9652,False,False,0,1.105,0.5052,2.8069
linausdt,4,6,2,0.019374,0.027263,0,1,1,1,0.0101,0.005748,0.019374,0.034792,10000.0101,-9999.972725,0.019374,0.021471,0.054289,0.054289,False,False,0,0.034792,0.005748,0.034792
eth3lusdt,4,4,1,1.9943,2.5573,0,1,0,1,0.9031,0.3931,1.9539,2.5573,10000.5549,1.9539,2.6407,2.5573,26.2869,26.2869,False,False,0,1.9539,0.3931,2.5573
wpciusdt,4,4,2,0.0,0.0,0,1,0,0,0.4675,0.2711,0.8322,0.8857,10000.4005,-9999.182,0.8322,0.8322,0.8322,0.8322,False,False,0,0.0,0.2711,0.8857
dodousdt,4,4,2,0.0,0.0,0,1,0,0,0.1794,0.1253,0.4049,0.4334,10000.1518,0.4049,0.4049,0.4049,0.4049,0.4049,False,False,0,0.0,0.1253,0.4334
arvusdt,2,8,1,0.0,0.00039987,0,1,0,0,0.00023119,0.00013503,0.00023407,0.00039987,10000.00020401,0.00023407,0.000431,0.00039987,0.000431,0.000431,False,False,0,0.0,0.00013503,0.00039987
hcusdt,4,4,1,0.0,0.3646,0,1,0,0,0.2121,0.1205,0.3244,0.3646,10000.1587,0.3244,0.3244,0.3646,0.6469,0.6469,False,False,0,0.2874,0.1205,0.3646
crptusdt,4,4,1,0.0,0.505,0,1,0,1,0.2432,0.1438,0.2513,0.505,10000.2064,0.2513,0.355,0.505,0.355,0.355,False,False,0,0.86,0.1438,0.505
astrusdt,2,6,1,0.097016,0.179239,0,1,0,1,0.089925,0.041471,0.130472,0.179239,10000.063679,0.130472,0.097016,0.179239,0.310917,0.310917,False,False,0,0.337151,0.041471,0.179239
egsusdt,4,6,2,0.0,0.0,1,2,0,0,0.0275,0.011426,0.006605,0.370002,10000.014,0.006605,0.11353,0.11353,0.11353,0.11353,False,False,1,0.0,0.006605,0.0275
eosusdt,4,4,2,2.2965,2.77,0,1,1,1,1.571,1.1101,2.2965,2.8885,10001.3476,-9997.2929,2.2965,2.6845,4.6252,4.6252,False,False,0,2.8885,1.1101,2.8885
ctxc2xusdt,4,6,2,0.0,0.0,0,1,0,1,1.393879,0.37095,1.887592,4.820199,10001.393879,-9997.229507,1.887592,1.887592,1.887592,1.887592,False,False,0,4.820199,0.37095,4.820199
zec3susdt,4,10,0,6.62e-08,2.0354e-06,2,1,1,1,1.535e-07,9.93e-08,6.62e-08,5.107e-07,5.107e-07,-9999.9999996832,6.62e-08,1.226e-07,9.18e-06,9.18e-06,False,False,0,5.107e-07,9.93e-08,5.107e-07
jumbousdt,4,4,2,0.0,0.0,0,0,0,0,5.457,2.0,3.71,3.71,10003.5705,3.71,3.71,3.71,3.71,3.71,False,False,1,0.0,2.0,5.457
compusdt,6,2,1,0.0,156.47,0,1,0,0,79.88,53.55,115.64,156.47,10069.12,115.64,115.64,156.47,394.18,394.18,False,False,0,93.34,53.55,156.47
hitusdt,4,8,1,0.0,7.293e-05,0,1,0,0,1.297e-05,5.9e-06,2.853e-05,7.293e-05,10000.00001006,2.853e-05,0.00018729,7.293e-05,0.00018729,0.00018729,False,False,0,0.0,5.9e-06,7.293e-05
zec3lusdt,4,8,1,0.0,0.00055617,0,1,0,0,9.595e-05,2.282e-05,0.0002555,0.00055617,10000.00008601,0.0002555,0.0002555,0.00055617,0.00540771,0.00540771,False,False,0,0.0,2.282e-05,0.00055617
unfiusdt,4,4,2,4.4373,0.0,0,1,0,0,3.1305,1.3254,4.4373,7.5,10002.5864,-9993.3876,4.4373,6.7381,5.5615,5.5615,False,False,0,6.5707,1.3254,7.5
lptusdt,4,4,1,21.4178,29.0486,0,1,0,1,16.9308,11.627,21.514,29.0486,10016.9308,21.514,21.514,29.0486,37.8715,37.8715,False,False,0,32.1141,11.627,29.0486
snsusdt,2,6,1,0.0,0.030156,0,1,0,0,0.029963,0.029787,0.029893,0.030156,10000.029963,0.029939,0.029893,0.030156,0.204224,0.204224,False,False,0,0.029005,0.029787,0.030156
fsnusdt,4,4,1,0.0,0.51,0,1,0,0,0.3473,0.1928,0.3359,0.51,10000.3016,0.3359,0.525,0.51,0.6252,0.6252,False,False,0,0.3359,0.1928,0.51
clvusdt,4,4,2,0.0,0.4108,0,1,1,0,0.2185,0.0996,0.2774,0.6211,10000.16,-9999.554,0.3847,0.4108,1.3889,1.3889,False,False,0,0.2774,0.0996,0.6211
btc1susdt,4,4,0,0.6115,0.7154,1,0,1,0,0.8778,0.7578,0.6115,0.619,0.619,-9999.2358,0.6115,0.619,0.5118,0.5118,False,False,1,0.654,0.6115,0.8778
massusdt,2,4,1,0.0,0.06,0,1,0,0,0.0225,0.0086,0.0342,0.06,10000.0225,0.0342,0.3242,0.06,0.3242,0.3242,False,False,0,0.0342,0.0086,0.06
dotusdt,4,4,2,15.9999,23.1895,0,1,1,1,12.11,7.305,15.9999,23.8574,10010.2597,-9978.3976,15.9999,19.5606,53.3277,53.3277,False,False,0,23.8574,7.305,23.8574
snxusdt,2,4,1,3.4564,7.1867,0,1,0,1,3.628,2.2054,4.4392,7.1867,10002.7782,4.4392,4.4392,7.1867,11.5877,11.5877,False,False,0,8.1767,2.2054,7.1867
h2ousdt,4,6,2,0.0,0.0,1,2,0,0,0.629661,0.453002,0.3275,0.923198,0.831661,0.3275,0.3275,0.923198,0.296996,0.296996,True,True,1,0.0,0.3275,0.629661
mirusdt,4,4,1,1.1453,1.2631,0,1,0,1,0.5499,0.2048,1.0022,1.2631,10000.265,1.0022,1.0022,1.2631,3.6729,3.6729,False,False,0,1.6304,0.2048,1.2631
btcusdt,6,2,1,37150.58,42977.99,0,1,0,1,31463.33,26656.52,39197.4,42977.99,40774.16,39197.4,39197.4,42977.99,62177.44,62177.44,False,False,0,48200.77,26656.52,42977.99
usdttry,4,3,2,0.0,0.0,1,0,0,0,16.366,15.594,13.0,14.361,10014.99,-9984.094,14.361,14.361,14.361,14.361,False,False,1,0.0,13.0,16.366
bethusdt,6,2,1,2260.07,3064.8,0,1,0,1,2157.87,1640.55,2697.1,3064.8,11949.65,2697.1,2982.88,3064.8,4082.66,4082.66,False,False,0,2697.1,1640.55,3064.8
invusdt,6,2,1,0.0,701.4,0,1,0,0,119.23,75.45,288.24,701.4,10093.28,288.24,288.24,701.4,750.01,750.01,False,False,0,216.58,75.45,500.0
onstonusdt,4,6,2,0.0,0.0,0,1,0,0,0.06418,0.035835,0.10421,0.194041,10000.052492,-9999.895439,0.10421,0.10421,0.10421,0.10421,False,False,0,0.0,0.035835,0.194041
sntusdt,4,6,2,0.042877,0.060984,0,1,1,1,0.03741,0.025563,0.042877,0.086188,10000.034405,-9999.925571,0.042877,0.060984,0.094273,0.094273,False,False,0,0.086188,0.025563,0.086188
bbfusdt,4,4,2,0.0,0.0,0,0,0,0,35.2,22.1661,30.1143,30.1143,10027.6969,30.1143,30.1143,30.1143,30.1143,30.1143,False,False,1,0.0,22.1661,35.2
paiusdt,4,6,2,0.0,0.0,0,1,0,0,0.001869,0.001112,0.01605,0.018962,10000.001418,-9999.9855,0.01605,0.01605,0.01605,0.01605,False,False,0,0.0,0.001112,0.018962
enjusdt,4,4,2,1.2775,2.0115,1,2,1,1,0.7786,0.5536,0.4855,1.98,10000.691,0.4855,1.2775,1.6432,2.843,2.843,False,False,1,1.98,0.4855,0.7786
poktusdt,2,6,1,0.0,0.67,0,1,0,1,0.268553,0.201009,0.354368,0.67,10000.254448,0.354368,2.052,0.67,2.052,2.052,False,False,0,0.354368,0.201009,0.67
gofusdt,2,4,1,0.0,0.1597,0,1,0,1,0.0708,0.054,0.102,0.1597,10000.0692,0.102,0.113,0.1597,0.5066,0.5066,False,False,0,0.102,0.054,0.1597
axsusdt,4,4,1,0.0,75.4557,0,1,0,1,26.9134,17.1522,63.9999,75.4557,10022.1183,64.8405,63.9999,75.4557,136.9538,136.9538,False,False,0,44.3797,17.1522,75.4557
uniusdt,4,4,2,9.1331,12.9322,0,1,1,1,5.5476,3.7189,9.1331,12.494,10005.5228,-9988.9554,9.1331,9.9557,25.7384,25.7384,False,False,0,12.494,3.7189,12.494
paxusdt,4,4,2,0.0,0.0,0,0,0,0,1.094,0.9,0.9991,0.9991,10000.9994,-9998.9995,0.9991,0.9991,0.9991,0.9991,False,False,0,0.0,0.9,1.0011
celusdt,4,4,2,0.0,0.0,0,1,0,0,1.0666,0.5724,2.1211,2.35,10000.8459,-9997.9106,2.1211,2.1211,2.1211,2.1211,False,False,0,0.0,0.5724,2.35
fxusdt,4,4,2,0.0,0.0,0,1,0,0,0.3394,0.1881,0.6224,0.7525,10000.3085,0.6224,0.6224,0.6224,0.6224,0.6224,False,False,0,0.0,0.1881,0.7525
kmausdt,2,6,1,0.0,0.009399,0,1,0,0,0.003014,0.00176,0.004674,0.009399,10000.00253,0.004674,0.004674,0.009399,0.060219,0.060219,False,False,0,0.0,0.00176,0.009399
aurorausdt,4,4,1,0.0,12.4112,0,1,0,0,5.5483,3.1079,9.6688,12.4112,10004.7675,9.6688,9.6688,12.4112,22.3011,22.3011,False,False,0,6.557,3.1079,12.4112
nknusdt,2,6,2,0.162696,0.811776,0,1,1,1,0.104876,0.062022,0.162696,0.335487,10000.101437,-9999.717735,0.162696,0.292048,0.514531,0.514531,False,False,0,0.335487,0.062022,0.335487
antusdt,2,4,1,5.1861,6.3399,0,1,0,1,1.853,1.1001,4.1,6.3399,10001.7542,4.1,4.1,6.3399,4.8541,4.8541,False,False,0,3.9574,1.1001,6.3399
lithusdt,4,6,1,0.0,0.002919,0,1,0,0,0.002355,0.001617,0.002342,0.002919,10000.002355,0.002342,0.024696,0.002919,0.024696,0.024696,False,False,0,0.002342,0.001617,0.002836
strmusdt,4,4,2,0.0,0.0,1,0,0,0,0.2549,0.2039,0.0798,0.1933,10000.1075,-9999.7865,0.1933,0.1933,0.1933,0.1933,False,False,1,0.0,0.0798,0.2549
woousdt,2,5,1,0.0,0.68986,0,1,0,0,0.27605,0.14589,0.3381,0.68986,10000.20549,0.3381,0.74878,0.68986,1.24284,1.24284,False,False,0,0.3381,0.14589,0.68986
ethusdt,4,2,1,2818.37,3180.0,0,1,0,1,2282.79,1788.0,2880.56,3180.0,12064.27,2880.56,3143.0,3180.0,4544.55,4544.55,False,False,0,2880.56,1788.0,3180.0
insurusdt,4,4,2,0.4321,1.1773,1,2,1,1,0.4085,0.2761,0.1786,0.9571,10000.2448,0.1786,0.4321,0.6929,1.5491,1.5491,False,False,1,0.9571,0.1786,0.4085
oceanusdt,4,4,2,0.4039,0.8343,0,1,1,1,0.2484,0.1671,0.4039,0.7471,10000.2295,-9999.4801,0.4039,0.5097,0.7609,0.7609,False,False,0,0.7471,0.1671,0.7471
ancusdt,4,4,1,0.0,2.2644,0,1,0,1,0.62,0.0355,1.5809,2.2644,10000.1157,1.5809,3.5908,2.2644,3.5908,3.5908,False,False,0,1.5809,0.0355,2.2644
apeusdt,4,4,2,0.0,0.0,0,0,0,0,32.0,1.0,7.4432,7.4432,10009.35,-9992.356,7.4432,7.4432,7.4432,7.4432,False,False,1,0.0,1.0,32.0
rvnusdt,2,6,2,0.048,0.080808,0,1,1,1,0.036462,0.019713,0.048,0.078117,10000.031323,-9999.933373,0.048,0.063987,0.130426,0.130426,False,False,0,0.078117,0.019713,0.078117
efiusdt,4,4,1,0.3351,0.4125,0,1,0,1,0.2918,0.1243,0.3072,0.4125,10000.2142,0.3072,0.3649,0.4125,0.8118,0.8118,False,False,0,0.3072,0.1243,0.3856
wavesusdt,2,4,2,0.0,16.3161,0,1,1,0,12.7221,5.7023,7.564,63.7195,10006.3712,-9960.4326,13.8479,16.3161,25.7781,25.7781,False,False,0,7.564,5.7023,63.7195
mggusdt,4,6,1,0.0,0.083999,0,1,0,0,0.032597,0.012361,0.05,0.083999,10000.0325,0.05,0.169898,0.083999,0.169898,0.169898,False,False,0,0.0,0.012361,0.083999
fttusdt,4,4,1,42.9465,48.4729,0,1,0,1,34.825,26.2671,41.0557,48.4729,10031.2781,41.0557,41.0557,48.4729,60.8545,60.8545,False,False,0,49.8447,26.2671,48.4729
tusdusdt,4,4,2,0.0,0.0,0,0,0,0,1.094,0.9851,0.9992,0.9992,10000.9996,-9998.9992,0.9992,0.9992,0.9992,0.9992,False,False,0,0.0,0.9851,0.9994
agldusdt,4,4,2,0.8977,3.225,0,1,1,1,0.6582,0.3619,0.8977,2.3195,10000.6031,-9998.33,0.8977,1.3657,2.9864,2.9864,False,False,0,2.3195,0.3619,2.3195
zilusdt,4,6,0,0.036571,0.058995,2,1,1,1,0.05793,0.040036,0.036571,0.230701,0.230701,-9999.843717,0.036571,0.045855,0.107986,0.107986,False,False,0,0.230701,0.040036,0.230701
shibusdt,2,8,2,0.0,3.289e-05,1,2,1,0,1.438e-05,1.035e-05,9.07e-06,3.519e-05,10000.00001353,9.07e-06,6.596e-05,3.289e-05,6.596e-05,6.596e-05,False,False,1,1.705e-05,9.07e-06,1.438e-05
vlxusdt,4,6,2,0.0,0.0,0,0,0,0,0.120526,0.07,0.091527,0.091527,10000.086482,0.091527,0.091527,0.091527,0.091527,0.091527,False,False,1,0.0,0.07,0.120526
pstakeusdt,4,4,2,0.0,0.0,1,2,0,0,0.629,0.2195,0.2,1.4,10000.2639,0.2,0.9402,0.9402,0.9402,0.9402,False,False,1,0.0,0.2,0.629
dogusdt,4,6,2,0.0,0.0,0,1,0,0,0.002064,0.001335,0.005695,0.0075,10000.001822,0.005695,0.005695,0.005695,0.005695,0.005695,False,False,0,0.0,0.001335,0.0075
gtusdt,2,4,2,6.098,6.9818,1,2,1,1,5.7978,5.1971,4.7402,7.4,10005.4603,4.7402,6.098,7.0008,6.1854,6.1854,False,False,1,7.4,4.7402,5.7978
gnxusdt,2,6,1,0.0,0.0267,0,1,0,0,0.007677,0.003441,0.00801,0.0267,10000.007677,0.00801,0.032053,0.0267,0.032053,0.032053,False,False,0,0.00801,0.003441,0.0267
revvusdt,4,6,1,0.0,0.07392,0,1,0,1,0.043282,0.026525,0.06978,0.07392,10000.029954,0.06978,0.09063,0.07392,0.09063,0.09063,False,False,0,0.06978,0.026525,0.07392
brwlusdt,4,6,2,0.0,0.0,1,2,0,1,0.062,0.0071,0.0065,0.4206,10000.0152,0.0065,0.3439,0.3439,0.3439,0.3439,False,False,1,0.4206,0.0065,0.062
tnbusdt,2,6,0,0.0006,0.0,1,0,0,0,0.003799,0.003611,0.0006,0.001248,0.001248,-9999.996389,0.0006,0.001248,0.002684,0.002684,False,False,1,0.003331,0.0006,0.003799
cotiusdt,2,4,1,0.0,0.2534,0,1,0,0,0.1675,0.0838,0.2174,0.2534,10000.1156,0.2174,0.2174,0.2534,0.5563,0.5563,False,False,0,0.0,0.0838,0.2534
rndrusdt,4,4,1,0.0,1.9073,1,2,1,1,1.1079,0.7484,0.6108,1.9073,10000.8608,0.6108,2.53,1.9073,1.297,1.297,False,False,1,0.6108,0.6108,1.1079
o3usdt,2,4,1,0.0,0.498,1,2,1,1,0.2487,0.1552,0.115,0.498,10000.1855,0.115,1.8799,0.498,1.8799,1.8799,False,False,1,0.115,0.115,0.2487
btsusdt,2,4,2,0.0189,0.0287,0,1,1,1,0.0168,0.0103,0.0189,0.0312,10000.0129,-9999.9735,0.0189,0.0234,0.0531,0.0531,False,False,0,0.0312,0.0103,0.0312
dcrusdt,4,4,2,49.0698,73.0793,0,1,1,1,43.8818,28.6176,49.0698,84.0624,10041.5958,-9937.741,49.0698,63.5077,110.5047,110.5047,False,False,0,84.0624,28.6176,84.0624
astusdt,4,4,1,0.1265,0.1735,1,2,1,1,0.1161,0.0529,0.0492,0.1735,10000.0685,0.0492,0.1351,0.1735,0.3541,0.3541,False,False,1,0.0492,0.0492,0.1161
pearlusdt,6,2,1,0.0,27.89,1,2,1,1,15.87,9.33,10.0,27.89,10014.98,10.0,90.95,27.89,90.95,90.95,False,False,1,10.0,10.0,15.87
ioiusdt,4,4,1,0.0,0.8999,0,2,1,0,0.71,0.429,0.5005,0.8999,10000.505,0.5005,0.5276,0.8999,4.3963,4.3963,False,False,1,0.5005,0.5005,0.71
dacusdt,2,6,2,0.0,0.0,0,1,0,0,0.000106,4.8e-05,0.001042,0.001642,10000.000075,-9999.999008,0.001042,0.001042,0.001042,0.001042,False,False,0,0.0,4.8e-05,0.001642
nestusdt,2,5,2,0.0111,0.0228,1,0,1,1,0.03552,0.02,0.013,0.0228,10000.0161,-9999.96871,0.0185,0.0228,0.0121,0.0121,False,False,1,0.013,0.013,0.03552
fil3lusdt,4,9,2,0.0,0.001069,0,1,1,0,2.3e-05,8e-06,0.000407,0.001663,10000.000011683,-9999.99901,0.105645,0.001069,0.105645,0.105645,False,False,0,0.000407,8e-06,0.001663
hecusdt,4,4,1,0.0,1.7757,0,1,0,0,0.3492,0.3144,1.242,1.7757,10000.3492,1.242,2.7736,1.7757,2.7736,2.7736,False,False,0,0.0,0.3144,1.7757
wbtcusdt,4,2,1,37196.59,42933.15,0,1,0,1,31341.93,26534.76,39283.11,42933.15,40603.869999999995,39283.11,39283.11,42933.15,62016.6,62016.6,False,False,0,48130.26,26534.76,42933.15
godsusdt,4,4,1,0.99,1.255,0,1,0,1,0.6695,0.22,0.992,1.255,10000.6695,0.992,0.992,1.255,4.7557,4.7557,False,False,0,1.8624,0.22,1.255
slcusdt,2,6,1,1.25,0.751087,0,1,0,1,0.126357,0.117451,0.535467,0.751087,10000.126357,0.535467,1.25,0.751087,0.845044,0.845044,False,False,0,2.09,0.117451,0.751087
xcnusdt,4,6,2,0.0,0.0,1,2,0,0,0.140285,0.073022,0.071319,0.115732,10000.0955,0.071319,0.102649,0.102649,0.102649,0.102649,False,False,1,0.0,0.071319,0.140285
idexusdt,4,4,2,0.1332,0.2486,1,2,1,1,0.1482,0.0509,0.0386,0.5401,10000.0593,0.0386,0.1332,0.1919,0.3983,0.3983,False,False,1,0.5401,0.0386,0.1482
manausdt,2,4,1,2.4389,2.2339,1,2,1,1,1.3621,0.7,0.6297,2.2339,10000.9219,0.6297,2.4389,2.2339,2.8679,2.8679,False,False,1,0.6297,0.6297,1.3621
umausdt,4,4,2,0.0,6.9562,0,1,1,0,3.8525,2.1917,4.3455,13.2401,10003.3292,-9992.9287,11.9117,6.9562,11.9117,11.9117,False,False,0,4.3455,2.1917,13.2401
btmusdt,2,6,1,0.0,0.0301,0,1,0,1,0.0151,0.0077,0.0206,0.0301,10000.0101,0.0206,0.053,0.0301,0.053,0.053,False,False,0,0.0206,0.0077,0.0301
balusdt,2,4,1,11.5448,14.7669,0,1,0,1,8.8816,7.5415,11.7073,14.7669,10008.2864,11.7073,13.8299,14.7669,26.7262,26.7262,False,False,0,11.7073,7.5415,14.7669
imxusdt,4,4,1,0.0,2.1298,0,1,0,0,1.2913,0.6775,1.574,2.1298,10000.9219,1.574,1.574,2.1298,4.68,4.68,False,False,0,1.1675,0.6775,2.1298
blzusdt,2,4,1,0.0,0.2356,0,1,0,0,0.0805,0.0463,0.1262,0.2356,10000.0798,0.1262,0.1262,0.2356,0.2902,0.2902,False,False,0,0.0,0.0463,0.2356
primateusdt,4,4,2,0.0,0.0,1,2,0,0,0.0527,0.0346,0.0336,0.18,10000.0452,0.0336,0.1468,0.1468,0.1468,0.1468,False,False,1,0.0,0.0336,0.0527
btc3susdt,4,8,0,8.9e-05,0.000175,1,0,1,0,0.0003082,0.00018629,8.9e-05,0.00013333,0.00013333,-9999.99979918,8.9e-05,0.00013333,0.00010557,0.00010557,False,False,1,6.864e-05,8.9e-05,0.0003082
zkpusdt,4,4,1,0.1942,0.29,1,2,1,1,0.2102,0.1463,0.0596,0.29,10000.0945,0.0596,0.25,0.29,0.2276,0.2276,False,False,1,0.0596,0.0596,0.2102
glmrusdt,4,4,1,0.0,2.9096,0,1,0,0,1.5598,1.051,2.3066,2.9096,10001.2531,2.3066,2.3066,2.9096,5.7122,5.7122,False,False,0,1.71,1.051,2.9096
gmeeusdt,4,4,1,0.0,0.15,0,1,0,0,0.024,0.0152,0.11,0.15,10000.0203,0.11,0.1663,0.15,0.1663,0.1663,False,False,0,0.0,0.0152,0.15
foxusdt,4,4,2,0.2459,0.0,0,1,0,1,0.2298,0.1452,0.2459,0.59,10000.2298,-9999.6813,0.2459,0.3395,1.01,1.01,False,False,0,0.59,0.1452,0.59
gariusdt,2,6,2,0.0,0.0,0,0,0,0,1.0,0.2,0.58842,0.58842,10000.61783,-9999.358403,0.58842,0.58842,0.58842,0.58842,False,False,1,0.0,0.2,1.0
storeusdt,4,6,2,0.0,0.0,0,0,0,0,0.21,0.01,0.065601,0.065601,10000.067521,-9999.88246,0.065601,0.065601,0.065601,0.065601,False,False,1,0.0,0.01,0.21
xrp3lusdt,4,8,1,0.0,0.010158,0,1,0,0,0.00087,0.00038,0.003627,0.010158,10000.00066807,0.003627,0.003627,0.010158,0.092909,0.092909,False,False,0,0.0,0.00038,0.010158
atomusdt,3,4,1,25.1437,34.7082,0,1,0,1,14.7107,8.5403,21.5609,34.7082,10012.2081,21.5609,25.1437,34.7082,36.6223,36.6223,False,False,0,44.6833,8.5403,34.7082
sushiusdt,4,4,1,0.0,5.0263,0,1,0,0,1.6769,1.0837,2.753,5.0263,10001.3928,2.753,12.1896,5.0263,12.1896,12.1896,False,False,0,0.0,1.0837,5.0263
gcoinusdt,4,4,1,0.0,0.3569,2,1,1,0,0.2008,0.1701,0.138,0.2223,0.2223,0.138,0.512,0.2223,0.3211,0.3211,False,True,0,0.138,0.1701,0.2223
creusdt,2,6,1,0.0,0.007982,1,2,1,0,0.006654,0.003915,0.003235,0.007982,10000.00442,0.003235,0.006564,0.007982,0.011805,0.011805,False,False,1,0.003235,0.003235,0.006654
vsysusdt,2,6,1,0.0,0.0181,1,2,1,0,0.004817,0.00404,0.003419,0.0181,10000.003929,0.003419,0.0225,0.0181,0.0225,0.0225,False,False,1,0.003419,0.003419,0.004817
api3usdt,4,4,1,0.0,6.297,0,1,0,0,1.9972,1.2292,3.8909,6.297,10001.9656,3.8909,4.4244,6.297,4.875,4.875,False,False,0,3.8909,1.2292,6.297
bch3susdt,4,8,0,8.8e-06,2.996e-05,1,0,1,0,5.761e-05,1.873e-05,8.8e-06,1.724e-05,1.724e-05,-9999.99997212,8.8e-06,1.724e-05,1.415e-05,1.415e-05,False,False,1,7.79e-06,8.8e-06,5.761e-05
auctionusdt,4,4,1,0.0,15.1068,0,1,0,0,7.4921,3.7285,12.7389,15.1068,10006.8785,12.7389,12.7389,15.1068,39.1948,39.1948,False,False,0,10.9548,3.7285,15.1068
cnnsusdt,2,6,1,0.0,0.00121,0,1,0,0,0.000282,0.000182,0.000659,0.00121,10000.000282,0.000659,0.009776,0.00121,0.009776,0.009776,False,False,0,0.000659,0.000182,0.00121
tusdt,4,4,2,0.0,0.0,0,1,0,0,0.0663,0.037,0.1088,0.12,10000.0543,0.1088,0.1088,0.1088,0.1088,0.1088,False,False,0,0.0,0.037,0.12
trbusdt,4,4,1,17.2535,15.2424,0,1,0,1,12.207,6.7227,13.0242,15.2424,10011.4546,13.0242,17.2535,15.2424,61.6884,61.6884,False,False,0,30.0603,6.7227,15.2424
dydxusdt,4,4,1,6.5888,5.198,0,1,0,1,3.0039,1.4122,4.1017,5.198,10002.1026,4.1017,4.1017,5.198,16.0627,16.0627,False,False,0,8.4899,1.4122,5.198
loveusdt,2,8,2,0.0,0.0,0,0,0,0,0.016,0.0005,0.01118999,0.01118999,10000.00596772,0.01118999,0.01118999,0.01118999,0.01118999,0.01118999,False,False,1,0.0,0.0005,0.016
icxusdt,4,4,2,0.5827,0.9196,0,1,1,1,0.4382,0.2896,0.5827,1.12,10000.3769,-9999.2803,0.5827,0.7441,2.2557,2.2557,False,False,0,1.12,0.2896,1.12
bch3lusdt,4,8,2,0.001299,0.050217,0,1,1,1,0.000687,0.00015,0.001299,0.003542,10000.000228,-9999.997164,0.001299,0.002722,0.049576,0.049576,False,False,0,0.003542,0.00015,0.003542
glmusdt,4,4,2,0.2733,0.0,1,2,0,1,0.3554,0.1825,0.1624,0.633,10000.2341,0.1624,0.2733,0.4497,0.5618,0.5618,False,False,1,0.633,0.1624,0.3554
cmtusdt,4,6,1,0.0,0.012155,1,2,1,0,0.004231,0.00335,0.002502,0.005675,0.005675,0.002502,0.002502,0.005675,0.009019,0.009019,True,True,1,0.002541,0.002502,0.004231
apnusdt,2,6,1,0.0,0.013218,1,2,1,0,0.004382,0.00244,0.0021,0.013218,10000.0024,0.0021,0.07566,0.013218,0.07566,0.07566,False,False,1,0.0021,0.0021,0.004382
hptusdt,4,6,1,0.0,0.002789,0,1,0,1,0.002207,0.002,0.0022,0.002789,10000.002012,0.0022,0.007169,0.002789,0.007169,0.007169,False,False,0,0.0087,0.002,0.002789
kavausdt,2,4,2,0.0,0.0,0,1,0,0,2.8798,1.4082,5.485,6.0929,10002.6807,-9994.1918,5.9701,5.9701,5.9701,5.9701,False,False,0,0.0,1.4082,6.0929
lbpusdt,4,6,1,0.0,0.005369,1,2,1,0,0.003714,0.002107,0.001727,0.005369,10000.002123,0.001727,0.021475,0.005369,0.021475,0.021475,False,False,1,0.001727,0.001727,0.003714
cakeusdt,4,4,2,0.0,0.0,0,1,0,0,4.7914,3.3055,8.826,10.9,10004.6705,-9990.7597,8.826,8.826,8.826,8.826,False,False,0,0.0,3.3055,10.9
sysusdt,4,4,2,0.0,0.0,0,1,0,0,0.2433,0.1351,0.4337,0.4662,10000.2364,0.4337,0.4337,0.4337,0.4337,0.4337,False,False,0,0.0,0.1351,0.4662
epikusdt,4,6,1,0.0,0.11392,0,1,0,0,0.026,0.018082,0.041474,0.11392,10000.026,0.041474,0.65007,0.11392,0.65007,0.65007,False,False,0,0.041474,0.018082,0.11392
tracusdt,4,4,2,0.0,0.7199,0,1,1,0,0.4073,0.2,0.3583,0.9364,10000.3536,-9999.3298,0.5992,0.7199,1.0846,1.0846,False,False,0,0.3583,0.2,0.9364
ctxcusdt,4,4,2,0.0,0.231,1,2,1,1,0.1648,0.0989,0.0778,1.5756,10000.1111,0.0778,0.2193,0.231,0.2193,0.2193,False,False,1,0.1702,0.0778,0.1648
perpusdt,4,4,1,0.0,5.0208,0,1,0,0,1.2332,1.0251,3.7683,5.0208,10001.1641,3.7683,3.9615,5.0208,3.9615,3.9615,False,False,0,0.0,1.0251,5.0208
bsvusdt,4,4,2,0.0,84.0292,0,1,1,1,57.7529,44.9322,73.9026,101.927,10052.772,-9909.975,75.0766,84.0292,167.1743,167.1743,False,False,0,73.9026,44.9322,101.927
holousdt,4,6,1,0.0,0.005327,1,2,1,0,0.002899,0.0024,0.002327,0.005327,10000.002529,0.002327,0.004168,0.005327,0.004168,0.004168,False,False,1,0.002327,0.002327,0.002899
fuseusdt,4,4,2,0.0,0.0,0,1,0,0,0.1888,0.1358,0.5032,0.6655,10000.1473,0.5032,0.5032,0.5032,0.5032,0.5032,False,False,0,0.0,0.1358,0.6655
hbarusdt,2,6,1,0.0,0.269999,0,1,0,0,0.110452,0.074059,0.18,0.269999,10000.105947,0.18,0.221425,0.269999,0.386851,0.386851,False,False,0,0.18,0.074059,0.269999
ltc3susdt,4,10,0,8.415e-07,2.3596e-06,2,1,1,1,4.1348e-06,1.9223e-06,8.415e-07,4.683e-06,4.683e-06,-9999.9999974216,8.415e-07,1.3149e-06,1.8636e-06,1.8636e-06,False,False,0,4.683e-06,1.9223e-06,4.683e-06
stptusdt,2,6,2,0.0,0.0,0,1,0,0,0.053385,0.03388,0.056301,0.124992,10000.049332,-9999.857707,0.130902,0.130902,0.130902,0.130902,False,False,0,0.0,0.03388,0.124992
gmpdusdt,2,6,2,0.0,0.0,0,0,0,0,1.4798,0.04975,1.145,1.145,10000.05008,-9999.000443,1.145,1.145,1.145,1.145,False,False,1,0.0,0.055,1.4798
nptusdt,4,4,2,0.0,0.0,0,1,0,0,3.5796,2.0446,5.8814,8.0,10002.8143,-9994.2,5.8814,5.8814,5.8814,5.8814,False,False,0,0.0,2.0446,8.0
plyusdt,4,6,2,0.0,0.0,0,1,0,0,0.006161,0.001319,0.016819,0.071,10000.003,0.016819,0.016819,0.016819,0.016819,0.016819,False,False,0,0.0,0.001319,0.071
egtusdt,2,6,2,0.0,0.0,0,1,0,1,0.000536,0.000209,0.002063,0.00242,10000.000365,-9999.997898,0.002063,0.002063,0.002063,0.002063,False,False,0,0.00242,0.000209,0.00242
ktusdt,4,6,2,0.0,0.0,0,1,0,0,0.009472,0.002201,0.0418,0.12,10000.0055,-9999.957591,0.0418,0.0418,0.0418,0.0418,False,False,0,0.0,0.002201,0.12
noiausdt,4,4,2,0.0,0.0,0,1,0,0,0.0748,0.0668,0.1743,0.2095,10000.0716,0.1743,0.1743,0.1743,0.1743,0.1743,False,False,0,0.0,0.0668,0.2095
gmtusdt,4,4,2,0.0,0.0,0,1,0,0,2.0294,0.8896,2.3705,4.1788,10001.5854,-9996.8092,2.3705,2.3705,2.3705,2.3705,False,False,0,0.0,0.8896,4.1788
1inchusdt,4,6,1,0.0,2.099129,0,1,0,0,1.059557,0.705548,1.180886,2.099129,10000.941362,1.180886,4.440482,2.099129,4.440482,4.440482,False,False,0,0.0,0.705548,2.099129
eluusdt,4,6,2,0.0,0.0,0,0,0,0,0.24,0.05,0.093984,0.093984,10000.055092,-9999.906594,0.093984,0.093984,0.093984,0.093984,False,False,1,0.0,0.05,0.24
nbsusdt,2,6,1,0.0,0.022394,0,1,0,0,0.0072,0.003771,0.010065,0.022394,10000.00529,0.010065,0.018898,0.022394,0.018898,0.018898,False,False,0,0.010065,0.003771,0.022394
xchusdt,4,4,1,0.0,99.0569,0,1,0,1,45.3179,33.7129,82.3255,99.0569,10038.1754,82.3255,148.1882,99.0569,148.1882,148.1882,False,False,0,82.3255,33.7129,99.0569
doseusdt,4,4,2,0.0,0.0,1,2,0,0,0.0405,0.0241,0.0225,0.159,10000.0373,0.0225,0.1379,0.1379,0.1379,0.1379,False,False,1,0.0,0.0225,0.0405
pondusdt,4,6,1,0.0,0.044918,1,2,1,0,0.014264,0.00807,0.006355,0.044918,10000.009551,0.006355,0.062551,0.044918,0.09616,0.09616,False,False,1,0.006355,0.006355,0.014264
gfusdt,4,4,1,0.0,1.5072,0,1,0,0,0.7442,0.4572,1.2558,1.5072,10000.5038,1.2558,1.7741,1.5072,1.7741,1.7741,False,False,0,1.2558,0.4572,1.5072
xrtusdt,4,4,2,0.0,9.0367,0,1,1,1,6.2679,3.3622,6.01,17.4356,10004.667,-9986.3973,6.7858,9.0367,17.7039,17.7039,False,False,0,6.01,3.3622,17.4356
achusdt,4,6,1,0.0,0.047517,0,1,0,0,0.019739,0.013116,0.037952,0.047517,10000.016724,0.037952,0.037952,0.047517,0.089513,0.089513,False,False,0,0.032264,0.013116,0.047517
titanusdt,4,6,2,0.0,1.423336,1,0,1,1,7.907019,2.36,0.9801,1.423336,10001.262047,-9997.358662,4.795803,1.423336,4.795803,4.795803,False,False,1,0.9801,0.9801,7.907019
zecusdt,4,2,1,103.78,171.05,1,2,1,1,116.54,91.47,69.47,171.05,10103.77,69.47,133.5,171.05,164.96,164.96,False,False,1,69.47,69.47,116.54
flokiusdt,2,8,1,0.0,5.282e-05,0,1,0,0,1.203e-05,6.3e-06,2.449e-05,5.282e-05,10000.00001033,2.449e-05,4.352e-05,5.282e-05,4.352e-05,4.352e-05,False,False,0,0.0,6.3e-06,5.282e-05
cvpusdt,4,4,2,0.0,1.1112,0,1,1,0,0.5105,0.2221,0.6707,1.4076,10000.3657,-9999.3282,1.7151,1.1112,1.7151,1.7151,False,False,0,0.6707,0.2221,1.4076
aacusdt,2,6,2,0.0,0.0,0,1,0,0,0.000569,0.000424,0.001349,0.002899,10000.000569,0.001349,0.001349,0.001349,0.001349,0.001349,False,False,0,0.0,0.000424,0.002899
skuusdt,4,6,1,0.0,0.176329,0,1,0,0,0.035,0.02,0.095101,0.176329,10000.03035,0.095101,0.340917,0.176329,0.340917,0.340917,False,False,0,0.095101,0.02,0.176329
abtusdt,2,4,1,0.0,0.198,0,1,0,0,0.0927,0.065,0.1106,0.198,10000.0911,0.1106,0.2081,0.198,0.2081,0.2081,False,False,0,0.0,0.065,0.198
wemixusdt,4,4,1,0.0,4.6055,1,2,1,0,2.3338,1.71,1.2364,4.6055,10001.6393,1.2364,4.6951,4.6055,4.6951,4.6951,False,False,1,1.2364,1.2364,2.3338
dfusdt,2,4,1,0.0,0.22,0,1,0,1,0.063,0.0206,0.1523,0.22,10000.039,0.1523,0.1953,0.22,0.1953,0.1953,False,False,0,0.1523,0.0206,0.22
mdsusdt,2,6,1,0.0,0.001081,1,2,1,0,0.000316,0.000241,0.000211,0.001081,10000.000225,0.000211,0.001331,0.001081,0.005208,0.005208,False,False,1,0.000211,0.000211,0.000316
sprtusdt,4,4,2,0.0,0.0,1,2,0,0,0.5655,0.4683,0.2845,2.6788,10000.4652,0.2845,1.6692,1.6692,1.6692,1.6692,False,False,1,0.0,0.2845,0.5655
eos3lusdt,4,10,2,7.22e-05,0.00028739,0,1,1,1,1.601e-05,4.75e-06,7.22e-05,0.00013379,10000.00000807,-9999.99990686,7.22e-05,0.00011665,0.0030602,0.0030602,False,False,0,0.00013379,4.75e-06,0.00013379
skmusdt,2,6,2,0.001407,0.01325,0,1,1,1,0.00073,0.000415,0.001407,0.003645,10000.000685,-9999.99784,0.001407,0.0026,0.002015,0.002015,False,False,0,0.003645,0.000415,0.003645
loomusdt,2,6,2,0.070203,0.0,0,1,0,1,0.057536,0.03465,0.070203,0.119541,10000.052724,-9999.900698,0.070203,0.089477,0.105702,0.105702,False,False,0,0.119541,0.03465,0.119541
traceusdt,4,4,1,0.0,0.2247,0,1,0,0,0.0708,0.0612,0.172,0.2247,10000.0686,0.172,1.1518,0.2247,1.1518,1.1518,False,False,0,0.172,0.0612,0.2247
rlyusdt,2,4,1,0.2238,0.1664,0,1,0,1,0.0879,0.063,0.1399,0.1664,10000.0699,0.1399,0.2238,0.1664,0.6685,0.6685,False,False,0,0.1399,0.063,0.1664
jstusdt,2,6,2,0.0,0.051615,2,1,1,0,0.046839,0.035251,0.034842,0.116486,0.116486,-9999.93451,0.048235,0.051615,0.083707,0.083707,False,False,0,0.034842,0.035251,0.116486
fil3susdt,4,8,0,8.9e-06,4e-05,2,1,1,1,0.00011178,5.128e-05,8.9e-06,0.0001288,0.0001288,-9999.9999321,8.9e-06,1.822e-05,7.4e-06,7.4e-06,False,False,0,0.0001288,5.128e-05,0.0001288
sfundusdt,4,4,2,0.0,0.0,0,0,0,0,1.8291,1.3598,1.71,1.71,10001.7545,1.71,1.71,1.71,1.71,1.71,False,False,1,0.0,1.3598,1.8291
storjusdt,4,4,1,0.8643,1.3908,0,1,0,1,0.6364,0.3655,0.9749,1.3908,10000.5782,0.9749,0.9749,1.3908,1.708,1.708,False,False,0,1.6447,0.3655,1.3908
stgusdt,4,4,1,0.0,1.3418,0,1,0,0,0.7667,0.5324,0.8728,1.3418,10000.6402,0.8728,2.1301,1.3418,2.1301,2.1301,False,False,0,0.0,0.5324,1.3418
badgerusdt,4,4,1,0.0,8.4498,0,1,0,0,6.3614,3.856,7.2705,8.4498,10005.7808,7.2705,7.2705,8.4498,28.1845,28.1845,False,False,0,6.9288,3.856,8.3581
dockusdt,2,6,1,0.0,0.039228,0,1,0,0,0.022784,0.013852,0.035821,0.039228,10000.02245,0.035821,0.035821,0.039228,0.088698,0.088698,False,False,0,0.02854,0.013852,0.039228
daiusdt,2,4,2,0.0,0.0,0,0,0,0,1.2,0.8798,0.998,0.9996,10001.0001,-9999.0019,0.9996,0.9996,0.9996,0.9996,False,False,1,0.0,0.998,1.2
oxtusdt,4,4,1,0.0,0.3537,1,2,1,0,0.18,0.1164,0.0853,0.3537,10000.1203,0.0853,0.2482,0.3537,0.5495,0.5495,False,False,1,0.0853,0.0853,0.18
sukuusdt,4,4,1,0.0,0.3798,1,2,1,0,0.1534,0.1013,0.061,0.3798,10000.0968,0.061,0.5204,0.3798,0.5204,0.5204,False,False,1,0.061,0.061,0.1534
hiveusdt,2,4,1,0.0,1.9,0,1,0,1,0.5719,0.361,1.2755,1.9,10000.5041,1.2921,1.2755,1.9,0.7943,0.7943,False,False,0,3.4165,0.361,1.9
dfausdt,4,4,1,0.0,0.6501,1,2,1,0,0.2895,0.1559,0.1501,0.6501,10000.211,0.1501,1.6741,0.6501,2.0082,2.0082,False,False,1,0.1501,0.1501,0.2895
nodeusdt,2,6,2,0.0,0.0,0,1,0,0,4.5e-05,1.9e-05,0.000365,0.000478,10000.000034,-9999.9996,0.000433,0.000433,0.000433,0.000433,False,False,0,0.0,1.9e-05,0.000478
indiusdt,4,4,1,0.0,0.2404,1,2,1,0,0.2393,0.2311,0.1877,0.2404,10000.2245,0.1877,0.1809,0.2404,0.1809,0.1809,False,False,1,0.1877,0.1877,0.2393
moovusdt,4,6,1,0.0,0.06,0,1,0,0,0.030399,0.007223,0.034068,0.06,10000.017982,0.034068,0.061,0.06,0.061,0.061,False,False,0,0.0,0.007223,0.06
nulsusdt,2,4,1,0.0,0.6062,1,2,1,0,0.2874,0.1511,0.1352,0.6062,10000.1749,0.1352,0.4603,0.6062,0.5847,0.5847,False,False,1,0.1352,0.1352,0.2874
breedusdt,4,4,2,0.0,0.0,0,1,0,1,0.1695,0.1038,0.4131,0.6141,10000.1133,0.4131,0.4131,0.4131,0.4131,0.4131,False,False,0,0.6141,0.1038,0.6141
nsureusdt,4,4,1,0.0,0.0972,0,1,0,0,0.032,0.0156,0.0795,0.0972,10000.0246,0.0795,0.2996,0.0972,0.2996,0.2996,False,False,0,0.0795,0.0156,0.0972
onitusdt,4,4,2,0.0,0.0,0,1,0,0,0.0755,0.0232,0.1603,0.217,10000.0687,-9999.8387,0.1603,0.1603,0.1603,0.1603,False,False,0,0.0,0.0232,0.217
xrp3susdt,4,4,0,0.5415,1.8865,2,1,1,1,3.8548,1.7176,0.5415,4.2748,4.2748,-9997.547,0.5415,0.9587,1.4716,1.4716,False,False,0,4.2748,1.7176,4.2748
qrdousdt,4,4,1,0.0,2.1875,0,1,0,0,0.7207,0.3412,1.7785,2.1875,10000.5999,1.7785,3.0427,2.1875,3.0427,3.0427,False,False,0,0.0,0.3412,2.1875
hotcrossusdt,4,4,2,0.0,0.0,0,1,0,0,0.0877,0.0573,0.1925,0.3067,10000.0654,-9999.8,0.1925,0.1925,0.1925,0.1925,False,False,0,0.0,0.0573,0.3067
ustusdt,4,4,2,0.0,0.0,0,1,0,0,0.4806,0.035,1.004,1.01,10000.0859,1.004,1.004,1.004,1.004,1.004,False,False,0,0.0,0.035,1.01
maticusdt,4,6,2,1.330001,1.879269,0,1,1,1,0.769737,0.501765,1.330001,1.749821,10000.679099,-9998.362941,1.330001,1.699281,2.003712,2.003712,False,False,0,1.749821,0.501765,1.749821
movrusdt,4,4,1,0.0,95.0,1,2,1,0,28.754,19.8516,19.4668,95.0,10023.798,19.4668,100.6988,95.0,100.6988,100.6988,False,False,1,19.4668,19.4668,28.754
dkausdt,2,6,2,0.073181,0.215998,0,1,1,1,0.066519,0.034809,0.073181,0.132827,10000.05183,-9999.888753,0.073181,0.107729,0.209398,0.209398,False,False,0,0.132827,0.034809,0.132827
numusdt,4,4,2,0.0,0.0,0,1,0,0,0.1472,0.089,0.3431,0.3974,10000.1146,0.3431,0.3431,0.3431,0.3431,0.3431,False,False,0,0.0,0.089,0.3974
mtausdt,4,4,1,0.0,0.468,0,1,0,0,0.2327,0.1155,0.362,0.468,10000.1565,0.362,0.362,0.468,1.0452,1.0452,False,False,0,0.321,0.1155,0.468
opulusdt,4,4,1,0.0,1.0486,0,1,0,0,0.2129,0.161,0.3005,1.0486,10000.1924,0.3005,4.503,1.0486,4.503,4.503,False,False,0,0.3005,0.161,1.0486
xtmusdt,4,4,2,0.0,0.1815,0,1,1,0,0.0625,0.0434,0.1171,0.2468,10000.0533,-9999.8032,1.4172,0.1815,1.4172,1.4172,False,False,0,0.1171,0.0434,0.2468
scusdt,2,6,2,0.008174,0.012303,0,1,1,1,0.005727,0.003519,0.008174,0.014737,10000.005396,-9999.986637,0.008174,0.009914,0.020417,0.020417,False,False,0,0.014737,0.003519,0.014737
smcwusdt,4,4,2,0.0,0.0989,1,2,1,0,0.076,0.064,0.063,0.1297,10000.0664,0.063,0.0879,0.0989,0.6129,0.6129,False,False,1,0.0835,0.063,0.076
csprusdt,1,4,2,0.0,0.0983,0,1,1,1,0.045,0.03,0.0546,0.1096,10000.0409,-9999.9178,0.1263,0.0983,0.1263,0.1263,False,False,0,0.0546,0.03,0.1096
babydogeusdt,2,12,2,0.0,0.0,0,1,0,0,1.5e-09,7.04e-10,4.193e-09,5.685e-09,10000.0000000015,4.193e-09,4.193e-09,4.193e-09,4.193e-09,4.193e-09,False,False,0,0.0,7.04e-10,5.685e-09
dot2susdt,4,6,2,0.133895,0.33073,2,1,1,1,0.59492,0.210378,0.098437,0.630374,0.630374,-9999.534297,0.144521,0.33073,0.083059,0.083059,False,False,0,0.098437,0.210378,0.630374
wndrusdt,4,6,2,0.0,0.0,1,2,0,0,0.043707,0.029101,0.027858,0.332999,10000.033675,0.027858,0.156094,0.156094,0.156094,0.156094,False,False,1,0.0,0.027858,0.043707
anmlusdt,4,6,2,0.0,0.0,0,1,0,0,0.00343,0.002865,0.0144,0.09001,10000.003199,-9999.983413,0.0144,0.0144,0.0144,0.0144,False,False,0,0.0,0.002865,0.09001
xlmusdt,4,6,1,0.0,0.241224,1,2,1,1,0.145356,0.118435,0.104051,0.241224,10000.133921,0.104051,0.161803,0.241224,0.377592,0.377592,False,False,1,0.104051,0.104051,0.145356
zigusdt,4,6,2,0.0,0.0,1,2,0,0,0.021897,0.017001,0.014041,0.039795,10000.017329,0.014041,0.069355,0.069355,0.069355,0.069355,False,False,1,0.0,0.014041,0.021897
mxcusdt,2,6,0,0.049507,0.053,2,1,0,1,0.12448,0.05,0.049507,0.138095,0.138095,-9999.909429,0.049507,0.053,0.054138,0.054138,False,False,0,0.138095,0.05,0.138095
visionusdt,4,6,1,0.0,0.045811,1,2,1,0,0.03041,0.010182,0.008059,0.045811,10000.0159,0.008059,0.218872,0.045811,0.218872,0.218872,False,False,1,0.008059,0.008059,0.03041
scrtusdt,4,4,1,0.0,4.976,0,1,0,0,3.6315,1.8289,4.4793,4.976,10002.3383,4.5563,4.4793,4.976,9.0598,9.0598,False,False,0,4.161,1.8289,4.976
orbusdt,4,6,2,0.0,0.0,0,0,0,0,0.87359,0.035,0.425001,0.425001,10000.107735,-9999.582419,0.425001,0.425001,0.425001,0.425001,False,False,1,0.0,0.035,0.87359
akrousdt,2,5,2,0.01062,0.01506,0,1,1,1,0.00486,0.00299,0.01062,0.01821,10000.00379,-9999.98483,0.01062,0.01574,0.0445,0.0445,False,False,0,0.01821,0.00299,0.01821
latusdt,2,4,2,0.0433,0.0859,0,1,1,1,0.029,0.0136,0.0433,0.1024,10000.0183,-9999.9353,0.0433,0.0666,0.2036,0.2036,False,False,0,0.1024,0.0136,0.1024
srmusdt,4,4,2,2.3945,2.7549,0,1,1,1,1.3627,0.9753,2.3945,3.7067,10001.1754,-9996.7672,2.3945,2.1424,8.4161,8.4161,False,False,0,3.7067,0.9753,3.7067
iotausdt,4,4,2,0.6693,0.6853,0,1,1,1,0.4123,0.2398,0.6132,0.7032,10000.3469,-9999.3418,0.6693,0.6853,1.2462,1.2462,False,False,0,0.6132,0.2398,0.7032
kcashusdt,2,6,1,0.0,0.003643,0,1,0,0,0.001601,0.000764,0.00151,0.003643,10000.0013,0.00151,0.010082,0.003643,0.010082,0.010082,False,False,0,0.00151,0.000764,0.003643
cvcusdt,2,4,1,0.2436,0.3247,1,2,1,1,0.1992,0.1518,0.1072,0.3247,10000.1644,0.1072,0.2557,0.3247,0.4674,0.4674,False,False,1,0.1072,0.1072,0.1992
prqusdt,4,4,1,0.0,0.1827,1,2,1,0,0.18,0.1098,0.0708,0.1827,10000.1146,0.0708,0.2984,0.1827,0.2984,0.2984,False,False,1,0.0708,0.0708,0.18
huntusdt,4,4,2,0.0,0.0,0,1,0,0,0.5223,0.3173,0.7847,1.0482,10000.5111,0.7847,0.7847,0.7847,0.7847,0.7847,False,False,0,0.0,0.3173,1.0482
celousdt,4,4,2,2.3641,3.1873,0,1,1,0,2.1934,1.2,2.3641,5.2167,10001.4008,-9997.0075,2.3641,3.0078,5.6207,5.6207,False,False,0,2.0533,1.2,5.2167
zksusdt,4,4,1,0.0,0.1523,0,1,0,0,0.0662,0.044,0.0953,0.1523,10000.0598,0.0953,0.5372,0.1523,0.5372,0.5372,False,False,0,0.0953,0.044,0.1523
muusdt,4,6,2,0.0,0.0,0,0,0,0,0.124567,0.01,0.04092,0.04092,10000.035016,-9999.968,0.04092,0.04092,0.04092,0.04092,False,False,1,0.0,0.01,0.124567
xrpusdt,2,5,1,0.0,0.8,0,1,0,0,0.46574,0.33644,0.67991,0.8,10000.44057,0.67991,0.67991,0.8,1.16942,1.16942,False,False,0,0.54793,0.33644,0.8
yamusdt,4,4,1,0.0,0.2992,1,2,1,0,0.2637,0.1256,0.103,0.2992,10000.1205,0.103,0.6766,0.2992,0.6766,0.6766,False,False,1,0.103,0.103,0.2637
algousdt,2,4,1,1.408,0.7854,0,1,0,1,0.509,0.358,0.5375,0.7854,10000.4604,0.5375,1.408,0.7854,1.897,1.897,False,False,0,0.5375,0.358,0.7854
nexousdt,2,4,1,0.0,2.99,0,1,0,0,1.6482,0.9157,2.2525,2.99,10001.375,2.2525,3.1503,2.99,3.1503,3.1503,False,False,0,0.0,0.9157,2.99
polcusdt,4,4,1,0.0,0.3497,2,1,1,0,0.0869,0.0832,0.056,0.1137,0.1137,0.056,0.3403,0.1137,0.3403,0.3403,False,True,0,0.056,0.0832,0.1137
nanousdt,4,4,1,0.0,3.2894,1,2,1,0,1.3298,0.9353,0.8334,3.2894,10001.1817,0.8334,6.015,3.2894,6.015,6.015,False,False,1,0.8334,0.8334,1.3298
forusdt,2,6,2,0.0,0.095734,0,1,1,1,0.024579,0.010477,0.052175,0.1385,10000.021442,-9999.938502,0.071656,0.095734,0.084815,0.084815,False,False,0,0.052175,0.010477,0.1385
boringusdt,2,6,1,0.044252,0.058504,1,2,1,1,0.0304,0.018087,0.016902,0.058504,10000.024239,0.016902,0.029397,0.058504,0.032592,0.032592,False,False,1,0.016902,0.016902,0.0304
lolusdt,4,6,2,0.0,0.0,0,1,0,0,4.8e-05,2e-05,0.000446,0.000536,10000.000036,0.000446,0.000446,0.000446,0.000446,0.000446,False,False,0,0.0,2e-05,0.000536
nhbtcusdt,4,4,1,0.0,0.0659,0,1,0,0,0.0325,0.01,0.053,0.0659,10000.0212,0.0535,0.053,0.0659,0.3752,0.3752,False,False,0,0.0,0.01,0.0659
ftmusdt,4,4,1,2.1117,1.23,0,1,0,1,0.5969,0.2374,1.0581,1.23,10000.3655,1.0581,1.0581,1.23,2.1389,2.1389,False,False,0,1.0354,0.2374,1.23
c98usdt,4,4,1,1.145,1.6265,0,1,0,1,0.6026,0.3437,1.3944,1.6265,10000.5101,1.3944,1.3944,1.6265,1.89,1.89,False,False,0,1.9654,0.3437,1.6265
xprtusdt,4,4,1,0.0,4.0028,0,1,0,0,2.2175,1.1231,2.7965,4.0028,10001.8451,2.7965,5.315,4.0028,8.4997,8.4997,False,False,0,2.7965,1.1231,4.0028
aeusdt,2,4,1,0.0,0.1349,0,1,0,1,0.0952,0.0761,0.1045,0.1349,10000.0824,0.1045,0.1045,0.1349,0.1256,0.1256,False,False,0,0.0758,0.0761,0.1349
boousdt,4,4,1,0.0,8.4995,1,2,1,0,5.4999,2.1201,1.29,8.4995,10004.2,1.29,12.3212,8.4995,12.3212,12.3212,False,False,1,1.29,1.29,5.4999
grtusdt,4,6,2,0.0,0.512262,0,1,1,1,0.210012,0.1185,0.302129,0.550572,10000.16589,-9999.507171,0.386302,0.512262,0.968864,0.968864,False,False,0,0.302129,0.1185,0.550572
lootusdt,4,4,2,0.0,0.0,0,0,0,0,8.0,0.8,1.1772,1.1772,10001.1019,-9998.7552,1.1772,1.1772,1.1772,1.1772,False,False,1,0.0,0.8,8.0
lxtusdt,2,6,1,0.0,0.000599,1,2,1,2,0.00044,0.000202,0.000199,0.000599,10000.000384,0.000199,0.001874,0.000599,0.001874,0.001874,False,False,1,0.000199,0.000199,0.00044
mcusdt,4,4,2,0.0,0.0,0,1,0,0,1.2672,0.9785,2.6199,3.06,10001.0871,-9997.2797,2.6199,2.6199,2.6199,2.6199,False,False,0,0.0,0.9785,3.06
multiusdt,4,4,1,0.0,12.4973,0,1,0,0,7.0829,6.0746,7.7645,12.4973,10007.0829,7.7645,10.8154,12.4973,15.2098,15.2098,False,False,0,7.7645,6.0746,12.4973
neousdt,4,2,2,18.77,25.99,0,1,1,1,12.05,8.42,18.77,29.66,10010.79,-9973.87,18.77,22.99,46.05,46.05,False,False,0,29.66,8.42,29.66
phausdt,4,6,1,0.0,0.297345,0,1,0,0,0.152925,0.095491,0.253946,0.297345,10000.14686,0.253946,0.253946,0.297345,0.838701,0.838701,False,False,0,0.217638,0.095491,0.297345
lqtyusdt,4,4,1,0.0,2.9419,1,2,1,0,2.0005,0.8695,0.9008,2.9419,10001.331,0.9008,1.7563,2.9419,6.7656,6.7656,False,False,1,0.9008,0.9008,2.0005
kanusdt,4,6,1,0.001811,0.001921,0,1,0,1,0.001504,0.001226,0.001865,0.001921,10000.001376,0.001865,0.001865,0.001921,0.003425,0.003425,False,False,0,0.002544,0.001226,0.001921
bixusdt,4,6,1,0.0,0.051013,0,1,0,0,0.033923,0.021965,0.037818,0.051013,10000.02751,0.037818,0.037818,0.051013,0.066025,0.066025,False,False,0,0.0,0.021965,0.051013
fildausdt,2,6,2,0.0,0.032,0,1,1,0,0.009396,0.007101,0.0233,0.0394,10000.00847,-9999.969,0.0935,0.032,0.0935,0.0935,False,False,0,0.0233,0.007101,0.0394
pyrusdt,4,4,2,7.9587,17.3277,0,1,1,1,5.6372,3.0463,7.9587,19.6236,10005.0016,-9985.9683,7.9587,12.3983,37.9133,37.9133,False,False,0,19.6236,3.0463,19.6236
tlmusdt,4,6,2,0.0,0.0,0,1,0,1,0.038164,0.023743,0.09804,0.148453,10000.035493,-9999.899999,0.09804,0.09804,0.09804,0.09804,False,False,0,0.148453,0.023743,0.148453
ltc3lusdt,4,6,1,0.0,0.04595,0,1,0,0,0.005777,0.00199,0.01632,0.04595,10000.004217,0.01632,0.637543,0.04595,0.637543,0.637543,False,False,0,0.01632,0.00199,0.044818
topusdt,4,6,1,0.0,0.0043,2,1,1,0,0.0006,0.000345,0.000253,0.00175,0.00175,0.000253,0.00214,0.00175,0.00214,0.00214,False,True,0,0.000253,0.000345,0.00175
xdefiusdt,4,4,1,0.0,0.8027,0,1,0,0,0.5463,0.2279,0.6876,0.8027,10000.2484,0.6876,1.2499,0.8027,1.2499,1.2499,False,False,0,0.0,0.2279,0.8027
arusdt,2,4,1,0.0,35.5123,1,2,1,0,19.7087,12.942,9.8929,35.5123,10014.8802,9.8929,32.0763,35.5123,77.0908,77.0908,False,False,1,9.8929,9.8929,19.7087
icpusdt,4,2,2,15.34,0.0,1,2,0,1,10.4,6.82,6.02,23.52,10008.45,6.02,15.34,20.77,45.8,45.8,False,False,1,23.52,6.02,10.4
ruffusdt,4,6,1,0.0,0.001405,0,1,0,0,0.000598,0.00044,0.000881,0.001405,10000.000598,0.000881,0.004859,0.001405,0.004859,0.004859,False,False,0,0.000881,0.00044,0.001405
eth3susdt,4,10,0,1.0154e-06,1.7482e-06,1,0,1,0,4.222e-06,2.4792e-06,1.0154e-06,1.4e-06,1.4e-06,-9999.9999972031,1.0154e-06,1.4e-06,2.2337e-06,2.2337e-06,False,False,1,8.105e-07,1.0154e-06,4.222e-06
rainusdt,4,4,1,0.0,0.4401,0,1,0,0,0.17,0.127,0.2494,0.4401,10000.1455,0.2494,1.0651,0.4401,1.0651,1.0651,False,False,0,0.0,0.127,0.4401
usdcusdt,4,4,2,0.0,0.0,0,0,0,0,1.15,0.9,0.9991,0.9991,10001.0001,-9998.9994,0.9991,0.9991,0.9991,0.9991,False,False,0,0.0,0.9,1.0
bsv3lusdt,4,10,2,0.0,2.951e-05,0,1,1,1,7e-06,3.26e-06,1.98e-05,4.882e-05,10000.0000049669,-9999.99995974,2.124e-05,2.951e-05,0.0011116,0.0011116,False,False,0,1.98e-05,3.26e-06,4.882e-05
lmrusdt,4,4,1,0.0,0.1032,1,2,1,0,0.0458,0.0379,0.0341,0.1032,10000.0371,0.0341,0.294,0.1032,0.294,0.294,False,False,1,0.0341,0.0341,0.0458
rlcusdt,4,4,2,0.0,2.212,0,1,1,0,1.0075,0.6246,1.3649,2.5996,10000.9456,-9997.6575,1.87,2.212,5.0066,5.0066,False,False,0,1.3649,0.6246,2.5996
ernusdt,4,4,2,0.0,0.0,0,1,0,1,2.3244,1.409,4.2802,7.0941,10002.3244,-9995.3983,4.2802,4.2802,4.2802,4.2802,False,False,0,7.0941,1.409,7.0941
peopleusdt,4,6,2,0.049978,0.0,0,1,0,1,0.029776,0.01021,0.049978,0.089519,10000.019985,-9999.924655,0.049978,0.076889,0.14336,0.14336,False,False,0,0.089519,0.01021,0.089519
dashusdt,4,2,2,83.55,215.59,0,1,1,1,65.64,45.05,83.55,138.74,10060.22,-9874.43,83.55,103.74,197.0,197.0,False,False,0,138.74,45.05,138.74
aktusdt,4,4,2,0.0,0.0,0,1,0,1,0.6352,0.1966,0.7109,0.8049,10000.482,0.7109,0.7109,0.7109,0.7109,0.7109,False,False,0,0.8049,0.1966,0.8049
hotusdt,2,6,1,0.0,0.0047,0,1,0,1,0.002667,0.001642,0.004022,0.0047,10000.002134,0.004022,0.004022,0.0047,0.01422,0.01422,False,False,0,0.0035,0.001642,0.004577
usdthusd,4,4,2,0.0,0.0,0,0,0,0,1.1,0.8901,0.9999,1.0008,10000.9994,-9998.9994,1.0008,1.0008,1.0008,1.0008,False,False,1,0.0,0.9999,1.1
xyousdt,4,6,2,0.015735,0.026575,1,2,1,1,0.011751,0.007284,0.006505,0.024248,10000.010115,0.006505,0.015735,0.02247,0.0277,0.0277,False,False,1,0.024248,0.006505,0.011751
warusdt,4,4,1,0.0,0.0295,0,1,0,0,0.0226,0.0121,0.019,0.0295,10000.014,0.019,0.3725,0.0295,0.3725,0.3725,False,False,0,0.019,0.0121,0.0295
talkusdt,4,6,1,0.0,0.52,0,1,0,1,0.25,0.121953,0.204101,0.52,10000.216324,0.204101,1.293603,0.52,1.293603,1.293603,False,False,0,0.204101,0.121953,0.52
starlyusdt,4,4,1,0.0,0.6501,1,2,1,0,0.4575,0.373,0.1737,0.6501,10000.2479,0.1737,0.5713,0.6501,1.3634,1.3634,False,False,1,0.1737,0.1737,0.4575
link3lusdt,4,10,2,0.000123,0.0,0,1,0,1,1.2e-05,4e-06,0.000123,0.000249,10000.0000077627,-9999.999807,0.000123,0.000153,0.010802,0.010802,False,False,0,0.000249,4e-06,0.000249
mlnusdt,4,4,1,0.0,48.3521,0,1,0,0,74.9783,22.1393,44.3826,48.3521,10032.3347,44.3826,44.3826,48.3521,132.7983,132.7983,False,False,0,0.0,22.1393,48.3521
eth1susdt,4,4,0,0.2297,0.2692,1,0,1,0,0.3843,0.3147,0.2297,0.2549,0.2548,-9999.6643,0.2297,0.2549,0.2306,0.2306,False,False,1,0.2098,0.2297,0.3843
actusdt,2,6,2,0.0,0.004595,2,1,1,1,0.00364,0.002122,0.001798,0.0089,0.0089,-9999.995601,0.008545,0.004595,0.008545,0.008545,False,False,0,0.001798,0.002122,0.0089
wndusdt,4,4,1,0.0,0.8825,0,1,0,0,0.2249,0.2102,0.6,0.8825,10000.2182,0.6,0.7666,0.8825,3.8571,3.8571,False,False,0,0.6,0.2102,0.8825
rss3usdt,4,4,2,0.1602,0.2269,0,1,1,1,0.1474,0.1142,0.1602,0.2168,10000.1367,-9999.8432,0.1602,0.2031,0.4001,0.4001,False,False,0,0.2168,0.1142,0.2168
whaleusdt,4,4,1,0.0,5.72,0,1,0,0,3.3062,2.7034,5.5893,5.72,10003.0674,5.5893,5.5893,5.72,18.3875,18.3875,False,False,0,5.7588,2.7034,5.72
omgusdt,4,4,2,3.5832,5.6318,0,1,1,1,3.2642,1.9177,3.5832,6.2673,10002.5618,-9994.4378,3.5832,4.5642,14.2344,14.2344,False,False,0,6.2673,1.9177,6.2673
lambusdt,4,6,1,0.00562,0.004869,0,1,0,1,0.002561,0.001048,0.00412,0.004869,10000.001758,0.00412,0.00412,0.004869,0.013743,0.013743,False,False,0,0.003086,0.001048,0.004869
xcurusdt,4,4,2,0.0,0.0,0,1,0,0,0.266,0.0836,1.3158,1.8,10000.2081,1.3158,1.3158,1.3158,1.3158,1.3158,False,False,0,0.0,0.0836,1.8
aliceusdt,4,4,2,6.0167,8.24,0,0,1,0,3.313,1.8977,6.0167,7.0264,10003.1159,-9993.2958,6.0167,7.0264,22.3995,22.3995,False,False,0,5.3749,1.8977,7.0264
edenusdt,4,4,1,0.0,0.3207,0,1,0,1,0.1554,0.1103,0.29,0.3207,10000.1443,0.29,0.29,0.3207,3.3828,3.3828,False,False,0,0.2891,0.1103,0.3207
aaveusdt,4,4,2,146.5483,245.3278,0,1,1,1,98.148,64.8477,146.5483,261.1048,10098.148,-9775.0,146.5483,165.6521,319.9312,319.9312,False,False,0,261.1048,64.8477,261.1048
swrvusdt,4,4,1,0.0,0.3278,0,1,0,0,0.0761,0.0341,0.15,0.3278,10000.0761,0.15,0.15,0.3278,0.644,0.644,False,False,0,0.0,0.0341,0.3278
smtusdt,4,6,2,0.002201,0.0,1,2,0,1,0.002648,0.001796,0.001706,0.006,10000.002264,0.001706,0.002201,0.003968,0.003126,0.003126,False,False,1,0.006,0.001706,0.002648
ampusdt,4,6,2,0.0,0.0,1,2,0,0,0.014937,0.010489,0.009649,0.030764,10000.011668,0.009649,0.027469,0.027469,0.027469,0.027469,False,False,1,0.0,0.009649,0.014937
ckbusdt,2,6,1,0.0,0.013034,1,2,1,0,0.006324,0.004241,0.004186,0.013034,10000.005121,0.004186,0.010383,0.013034,0.020004,0.020004,False,False,1,0.004186,0.004186,0.006324
sdnusdt,2,4,2,0.0,0.8951,0,1,1,0,0.58,0.31,0.725,1.0494,10000.4271,-9999.1609,1.2026,0.8951,2.3544,2.3544,False,False,0,0.725,0.31,1.0494
qtumusdt,4,4,2,5.481,7.9919,0,1,1,1,4.3906,3.121,5.481,9.6408,10004.0737,-9992.0837,5.481,6.8081,15.8492,15.8492,False,False,0,9.6408,3.121,9.6408
looksusdt,4,4,1,0.9015,1.8822,0,1,0,1,1.1188,0.492,1.3818,1.8822,10000.5862,1.3818,1.3818,1.8822,3.2318,3.2318,False,False,0,2.9377,0.492,1.8822
platousdt,4,6,2,0.0,0.0,1,2,0,0,0.017001,0.003554,0.002494,0.101,10000.00443,0.002494,0.041981,0.041981,0.041981,0.041981,False,False,1,0.0,0.002494,0.017001
tribeusdt,4,4,1,0.0,0.5978,0,1,0,1,0.2602,0.25,0.5097,0.5978,10000.2602,0.5097,0.9252,0.5978,0.9067,0.9067,False,False,0,0.5097,0.25,0.5978
fitfiusdt,4,6,2,0.0,0.0,1,2,0,1,0.324997,0.139751,0.078,0.738951,10000.260217,0.078,0.247615,0.247615,0.247615,0.247615,False,False,1,0.738951,0.078,0.324997
xecusdt,2,8,1,6.689e-05,0.00010134,0,1,0,1,5.094e-05,2.568e-05,8.317e-05,0.00010134,10000.00004753,8.317e-05,8.317e-05,0.00010134,0.00017878,0.00017878,False,False,0,0.00016499,2.568e-05,0.00010134
dtausdt,4,8,1,0.0,0.00012511,0,1,0,0,5e-05,2.344e-05,4.204e-05,0.00012511,10000.00003962,4.204e-05,6.802e-05,0.00012511,0.00041102,0.00041102,False,False,0,4.204e-05,2.344e-05,0.00012511
ankrusdt,2,6,2,0.066318,0.084047,0,1,1,1,0.041425,0.025132,0.066318,0.102893,10000.0395,-9999.9126,0.066318,0.079526,0.126118,0.126118,False,False,0,0.102893,0.025132,0.102893
vpadusdt,4,4,1,0.0,0.3566,2,1,1,0,0.2203,0.2014,0.1715,0.281,0.281,0.1715,0.561,0.281,0.561,0.561,False,True,0,0.1715,0.2014,0.281
voxelusdt,4,4,2,0.0,0.0,0,1,0,0,0.8651,0.3316,1.4012,1.7,10000.6858,-9998.6434,1.4012,1.4012,1.4012,1.4012,False,False,0,0.0,0.3316,1.7
auryusdt,4,4,1,9.2091,7.8041,0,1,0,1,4.7014,4.3567,7.2076,7.8041,10004.7014,7.2076,9.2091,7.8041,14.2,14.2,False,False,0,10.5458,4.3567,7.8041
ltcusdt,4,2,1,0.0,134.06,0,1,0,0,75.21,54.42,91.51,134.06,10073.4,91.51,91.51,134.06,201.1,201.1,False,False,0,96.35,54.42,133.27
uni2lusdt,4,6,2,0.3077,0.6823,0,1,1,1,0.0993,0.0394,0.3077,0.5664,10000.080225,-9999.5576,0.3077,0.3648,4.9546,4.9546,False,False,0,0.5664,0.0394,0.5664
jasmyusdt,4,6,1,0.0,0.021526,0,1,0,1,0.016,0.008267,0.017306,0.021526,10000.01322,0.017415,0.017306,0.021526,0.029404,0.029404,False,False,0,0.0542,0.008267,0.021526
cvxusdt,4,4,1,0.0,30.4371,0,1,0,0,16.511,9.9251,25.2893,30.4371,10010.7407,25.2893,25.2893,30.4371,40.7251,40.7251,False,False,0,15.0594,9.9251,30.4371
emusdt,2,6,2,0.0011,0.001946,1,0,1,1,0.0037,0.001153,0.00093,0.001946,10000.001471,-9999.998058,0.001397,0.001946,0.004532,0.004532,False,False,1,0.00093,0.00093,0.0037
vetusdt,4,6,2,0.044084,0.069419,0,1,1,1,0.034283,0.023988,0.044084,0.089323,10000.032046,-9999.933908,0.044084,0.057241,0.135085,0.135085,False,False,0,0.089323,0.023988,0.089323
arpausdt,2,6,1,0.063006,0.066665,0,1,0,1,0.04456,0.023885,0.048502,0.066665,10000.035564,0.048502,0.063006,0.066665,0.246394,0.246394,False,False,0,0.0947,0.023885,0.066665
newusdt,4,6,1,0.00024,0.00125,2,1,1,1,0.000469,0.000343,0.0003,0.000626,0.000626,0.0003,0.000589,0.000626,0.000476,0.000476,False,True,0,0.0003,0.000343,0.000626
wozxusdt,4,4,1,0.0,0.1467,0,2,1,0,0.143,0.0851,0.0931,0.1467,10000.1046,0.0931,0.5339,0.1467,0.5339,0.5339,False,False,1,0.0931,0.0931,0.143
rsrusdt,2,6,2,0.011106,0.02911,0,1,1,1,0.007202,0.003328,0.011106,0.022719,10000.00475,-9999.982297,0.011106,0.014992,0.045214,0.045214,False,False,0,0.022719,0.003328,0.022719
tokeusdt,4,4,2,0.0,0.0,0,1,0,0,5.8168,4.5164,11.2022,11.99,10004.9975,11.2022,11.2022,11.2022,11.2022,11.2022,False,False,0,0.0,4.5164,11.99
bsv3susdt,4,8,2,0.0,0.0,2,1,0,0,0.00023675,0.00013372,2.52e-05,0.00029824,0.00029824,-9999.99981141,6.318e-05,6.318e-05,6.318e-05,6.318e-05,False,False,0,0.0,0.00013372,0.00029824
klayusdt,4,4,0,0.0,0.0,0,0,0,0,0.4694,0.343,0.4012,0.4012,0.4012,-9999.5839,0.4012,0.4012,0.4012,0.4012,False,False,1,0.0,0.343,0.4694
nearusdt,2,4,1,13.107,19.8,0,1,0,1,10.2888,5.2569,7.3859,19.8,10006.2727,7.3859,13.107,19.8,10.7646,10.7646,False,False,0,20.6056,5.2569,19.8
spellusdt,4,6,2,0.0,0.005128,0,1,1,0,0.002552,0.000979,0.003273,0.0065,10000.001417,-9999.995302,0.0171,0.005128,0.0171,0.0171,False,False,0,0.003273,0.000979,0.0065
uuuusdt,2,8,2,0.0,0.0,0,1,0,0,5.368e-05,2e-05,0.000444,0.00063,10000.00003676,-9999.999563,0.000444,0.000444,0.000444,0.000444,False,False,0,0.0,2e-05,0.00063
daousdt,4,4,2,0.0,0.0,0,1,0,0,2.394,1.5,2.5839,3.7083,10001.8224,-9996.759,2.5698,2.5698,2.5698,2.5698,False,False,0,0.0,1.5,3.7083
screamusdt,4,4,2,7.568,0.0,0,1,0,1,15.2,2.9002,7.568,17.5155,10003.9691,-9989.0369,7.568,10.5605,33.685,33.685,False,False,0,17.5155,2.9002,17.5155
acausdt,4,4,2,0.9813,0.0,0,1,0,1,0.5608,0.3202,0.9813,2.1712,10000.413,-9998.5132,0.9813,1.4424,1.9912,1.9912,False,False,0,2.1712,0.3202,2.1712
galftusdt,6,4,1,0.0,4.721,0,1,0,0,2.63,1.7567,2.8115,4.721,10002.3277,2.8115,2.8115,4.721,7.3247,7.3247,False,False,0,2.0,1.7567,4.721
egldusdt,4,4,1,0.0,140.6327,1,2,1,0,103.4774,87.4468,71.9685,140.6327,10096.1131,71.9685,121.41,140.6327,241.805,241.805,False,False,1,71.9685,71.9685,103.4774
flowusdt,4,4,2,5.127,0.0,0,1,0,1,3.6311,2.31,5.127,8.2,10003.0124,-9993.1745,5.127,6.8342,13.7703,13.7703,False,False,0,8.2,2.31,8.2
bosonusdt,4,4,2,0.0,0.0,1,2,0,0,0.5454,0.2812,0.2937,0.98,10000.4005,0.2937,0.6788,0.6788,0.6788,0.6788,False,False,1,0.0,0.2937,0.5454
mdxusdt,2,4,1,0.232,0.2595,0,1,0,1,0.1171,0.0821,0.209,0.2595,10000.1009,0.209,0.232,0.2595,1.0738,1.0738,False,False,0,0.3429,0.0821,0.2595
atpusdt,2,7,1,0.0,0.00035,0,1,0,0,0.0001701,7.01e-05,0.00029,0.00035,10000.00015,0.00029,0.00143,0.00035,0.00143,0.00143,False,False,0,0.00029,7.01e-05,0.00035
solusdt,2,4,2,75.3195,143.8324,0,1,1,1,59.3056,37.5315,75.3195,143.5047,10053.8492,-9869.4275,75.3195,121.9595,225.409,225.409,False,False,0,143.5047,37.5315,143.5047
zrxusdt,2,4,2,0.4602,0.6941,0,1,1,1,0.4854,0.297,0.4602,1.1808,10000.4854,-9999.3214,0.4602,0.667,1.2213,1.2213,False,False,0,1.1808,0.297,1.1808
bobausdt,4,4,2,0.0,1.4396,0,1,1,0,0.5648,0.3567,1.0027,1.9299,10000.4715,-9998.4376,1.6856,1.4396,1.6856,1.6856,False,False,0,1.0027,0.3567,1.9299
walletusdt,4,6,2,0.0,0.0,0,0,0,0,0.200516,0.03,0.158022,0.158022,10000.042952,-9999.859117,0.158022,0.158022,0.158022,0.158022,False,False,1,0.0,0.03,0.200516
lunausdt,2,8,1,0.0,99.4349,0,1,0,0,0.3,2.4e-05,75.6679,99.4349,10000.00015422,79.0622,75.6679,99.4349,48.3622,48.3622,False,False,0,43.4358,2.4e-05,99.4349
bhdusdt,4,4,2,0.0,0.0,0,1,0,0,0.1065,0.0541,1.3253,1.403,10000.0618,-9998.729,1.3253,1.3253,1.3253,1.3253,False,False,0,0.0,0.0541,1.403
elfusdt,4,4,2,0.2613,0.0,0,1,0,1,0.1927,0.1135,0.2613,0.5453,10000.1744,-9999.5831,0.2613,0.5931,0.5931,0.5931,False,False,0,0.5453,0.1135,0.5453
