Coin,Name,Symbol,PCoin,PPrice,Trend_4H,CBuy,CSell,WaveCountUp,WaveCountDown,WaveCountUpAfterD,WaveCountDownAfterD,Upper,Lower,AUp,ADown,BUp,BDown,CUp,CDown,DUp,DDown,MSBuy,MSSell,LastState,LastAPriceAfterD,DownPrice,UpPrice,LPrice
ICX,ICX/USDT,icxusdt,4,4,0,0.3394,0.625,1,2,1,1,0.3769,0.341,0.3296,0.416,0.416,0.3296,0.3296,0.3969,0.7078,0.7078,True,False,1,0.416,0.3296,0.3769,0.3565
USDT,USDT/RUB,usdtrub,1,2,2,0.0,0.0,0,0,0,0,68.5,58.41,61.38,61.38,10061.48,-9940.71,61.38,61.38,61.38,61.38,False,False,0,0.0,58.41,67.0,59.28
REVV,REVV/USDT,revvusdt,4,6,1,0.0,0.047889,1,2,1,0,0.029954,0.026966,0.026525,0.047889,10000.02754,0.026525,0.063447,0.047889,0.082632,0.082632,False,False,1,0.026525,0.026525,0.029954,0.02769
BAGS,BAGS/USDT,bagsusdt,4,4,2,0.0,0.0,0,1,0,0,1.9596,1.0,3.0133,3.1064,10001.4541,-9996.8228,3.1801,3.1801,3.1801,3.1801,False,False,0,0.0,1.0,3.1064,1.286
ONT,ONT/USDT,ontusdt,4,4,0,0.2373,0.5526,2,1,1,1,0.2711,0.2586,0.2481,0.2855,0.2851,0.2481,0.2481,0.2855,0.4915,0.4915,True,True,0,0.3001,0.2586,0.2851,0.2684
HIVE,HIVE/USDT,hiveusdt,2,4,2,0.4734,0.7838,2,1,1,1,0.4912,0.4558,0.4473,0.5041,0.5041,0.4473,0.4734,0.5041,0.8413,0.8413,False,True,0,0.5719,0.4558,0.5041,0.474
FLOKI,FLOKI/USDT,flokiusdt,2,8,1,0.0,1.74e-05,0,1,0,1,1.203e-05,6.3e-06,1.31e-05,1.74e-05,10000.00000972,1.31e-05,2.765e-05,1.74e-05,2.765e-05,2.765e-05,False,False,0,3.178e-05,6.3e-06,1.74e-05,9.65e-06
FIL*3,FIL*3/USDT,fil3lusdt,4,9,2,0.000299,0.000431,0,1,1,1,1.9e-05,8e-06,0.000299,0.000358,10000.000010365,-9999.999681,0.000299,0.000331,0.000401,0.000401,False,False,0,0.000358,8e-06,0.000358,1.0066e-05
WXT,WXT/USDT,wxtusdt,2,6,2,0.009798,0.011136,0,0,1,1,0.012213,0.007942,0.0089,0.011136,10000.009065,-9999.988358,0.009886,0.011136,0.007549,0.007549,False,False,1,0.0089,0.0089,0.012213,0.011642
JUMBO,JUMBO/USDT,jumbousdt,4,4,2,0.0,0.0,0,0,0,0,5.457,2.0,3.7211,3.7211,10003.3779,3.7211,3.7211,3.7211,3.7211,3.7211,False,False,1,0.0,2.0,5.457,3.2783
DOT*(-2),DOT*(-2)/USDT,dot2susdt,4,6,0,0.23369,0.226496,2,1,1,1,0.297068,0.297068,0.269684,0.313673,0.313673,0.269684,0.269684,0.313673,0.170918,0.170918,True,True,0,0.329132,0.297068,0.313673,0.297068
TRACE,TRACE/USDT,traceusdt,4,4,1,0.0,0.2247,0,1,0,0,0.0713,0.0612,0.172,0.2247,10000.0619,0.172,0.2061,0.2247,0.2061,0.2061,False,False,0,0.0,0.0612,0.2247,0.0619
IOST,IOST/USDT,iostusdt,4,6,1,0.0,0.021198,1,2,1,0,0.01921,0.015711,0.014087,0.021198,10000.017052,0.014087,0.027725,0.021198,0.027371,0.027371,False,False,1,0.014087,0.014087,0.01921,0.016733
ACA,ACA/USDT,acausdt,4,4,1,0.0,0.421,0,1,0,0,0.413,0.358,0.3646,0.421,10000.3734,0.3646,0.3903,0.421,1.3893,1.3893,False,False,0,0.3646,0.358,0.421,0.3635
AUCTION,AUCTION/USDT,auctionusdt,4,4,0,4.7463,10.4453,1,0,1,0,7.4921,5.6379,4.7463,6.0847,6.0847,-9993.799,4.7463,6.0847,12.8067,12.8067,False,False,1,3.7285,4.7463,7.4921,6.201
TUSD,TUSD/USDT,tusdusdt,4,4,2,0.0,0.0,0,1,0,0,1.0123,0.9982,0.9998,1.0576,10001.0,-9998.997,0.9998,0.9998,0.9998,0.9998,False,False,0,0.0,0.9982,1.0576,1.0013
IOTA,IOTA/USDT,iotausdt,4,4,2,0.339,0.5612,2,1,1,1,0.3409,0.3096,0.3172,0.3493,0.3493,0.3172,0.339,0.3493,0.6318,0.6318,False,True,0,0.3978,0.3096,0.3493,0.3221
ICP,ICP/USDT,icpusdt,4,2,1,0.0,8.76,2,1,1,1,8.38,7.54,7.29,8.46,8.46,7.29,7.99,8.46,16.2,16.2,False,True,0,7.29,7.54,8.46,7.8
DCR,DCR/USDT,dcrusdt,4,4,0,31.8454,51.3253,1,0,1,0,43.8818,32.6596,31.8454,38.593,38.593,-9961.6315,31.8454,38.593,76.0009,76.0009,False,False,1,28.6176,31.8454,43.8818,37.9573
HBAR,HBAR/USDT,hbarusdt,2,6,0,0.096085,0.104868,1,0,1,0,0.106776,0.09782,0.096085,0.105039,0.105039,-9999.89739,0.096085,0.105039,0.185921,0.185921,False,False,1,0.110452,0.096085,0.106776,0.100211
WTC,WTC/USDT,wtcusdt,4,4,0,0.1616,0.1612,1,2,1,1,0.2268,0.1993,0.1942,0.295,0.295,0.1942,0.1942,0.1612,0.4271,0.4271,True,False,1,0.295,0.1942,0.2268,0.201
MULTI,MULTI/USDT,multiusdt,4,4,1,8.9814,8.9502,0,1,0,1,6.1596,5.6756,6.453,8.9502,10006.1167,6.453,9.0008,8.9502,11.5188,11.5188,False,False,0,6.453,5.6756,8.9502,5.8491
RANKER,RANKER/USDT,rankerusdt,4,6,2,0.0,0.010681,1,0,1,0,0.02664,0.01241,0.008003,0.010681,10000.0086,-9999.98759,0.02557,0.010681,0.029925,0.029925,False,False,1,0.008003,0.008003,0.02664,0.014801
HIT,HIT/USDT,hitusdt,4,8,1,1.904e-05,1.898e-05,1,2,1,1,1.297e-05,8.14e-06,5.9e-06,1.898e-05,10000.00000717,5.9e-06,1.707e-05,1.898e-05,1.902e-05,1.902e-05,False,False,1,5.9e-06,5.9e-06,1.297e-05,8.42e-06
INDI,INDI/USDT,indiusdt,4,4,0,0.2206,0.2404,2,1,1,1,0.2339,0.2339,0.2206,0.2393,0.2393,-9999.7613,0.2206,0.2214,0.2007,0.2007,False,False,0,0.2393,0.2339,0.2393,0.2339
GNX,GNX/USDT,gnxusdt,2,6,1,0.0,0.009959,2,1,1,0,0.007567,0.004905,0.003441,0.007677,0.007677,0.003441,0.011696,0.007677,0.012863,0.012863,False,True,0,0.003441,0.004905,0.007677,0.005361
UNI,UNI/USDT,uniusdt,4,4,1,0.0,8.1052,1,2,1,1,5.5476,4.603,3.7189,8.1052,10004.7699,3.7189,8.9728,8.1052,8.9728,8.9728,False,False,1,3.7189,3.7189,5.5476,5.2055
PLU,PLU/USDT,pluusdt,4,4,2,0.0,9.2209,2,1,1,1,9.2743,9.0799,8.6779,9.7209,9.7209,-9990.6071,9.0383,9.2209,7.2068,7.2068,False,False,0,8.6779,9.0799,9.7209,9.2146
MTA,MTA/USDT,mtausdt,4,4,1,0.0,0.2327,2,1,1,1,0.1427,0.1352,0.1336,0.1565,0.1565,0.1336,0.1336,0.1565,0.3914,0.3914,True,True,0,0.1155,0.1352,0.1565,0.1377
TOKE,TOKE/USDT,tokeusdt,4,4,2,0.0,0.0,0,1,0,0,4.9975,4.4032,11.2033,11.99,10004.5685,11.2033,11.2033,11.2033,11.2033,11.2033,False,False,0,0.0,4.4032,11.99,4.5636
GRT,GRT/USDT,grtusdt,4,6,1,0.332646,0.184506,0,1,0,1,0.16589,0.145284,0.168088,0.184506,10000.155034,0.168088,0.168088,0.184506,0.341723,0.341723,False,False,0,0.143859,0.145284,0.184506,0.152796
TALK,TALK/USDT,talkusdt,4,6,1,0.0,0.463949,1,2,1,0,0.25,0.148431,0.121953,0.463949,10000.151253,0.121953,0.396757,0.463949,0.391063,0.391063,False,False,1,0.121953,0.121953,0.25,0.182431
NULS,NULS/USDT,nulsusdt,2,4,0,0.1511,0.3189,1,0,1,0,0.2874,0.1749,0.1511,0.1811,0.1811,-9999.7972,0.1511,0.1811,0.446,0.446,False,False,1,0.1352,0.1513,0.2874,0.2101
SMCW,SMCW/USDT,smcwusdt,4,4,2,0.0896,0.0691,1,0,1,1,0.076,0.064,0.0632,0.0691,10000.0649,-9999.9305,0.0649,0.0691,0.1197,0.1197,False,False,1,0.0632,0.0632,0.076,0.0663
STN,STN/USDT,stnusdt,2,4,2,0.0309,0.0327,0,1,1,1,0.0307,0.0306,0.0309,0.0332,10000.0306,-9999.9668,0.0309,0.033,0.0509,0.0509,False,False,0,0.0332,0.0306,0.0332,0.0306
KSM,KSM/USDT,ksmusdt,3,4,1,0.0,132.109,1,2,1,2,89.156,66.3403,62.028,132.109,10071.885,62.028,161.2646,132.109,161.2646,161.2646,False,False,1,62.028,62.028,89.156,74.4408
NEAR,NEAR/USDT,nearusdt,2,4,1,0.0,11.6808,0,1,0,1,8.7938,5.2569,9.8584,11.6808,10005.9475,9.8584,9.8584,11.6808,14.9987,14.9987,False,False,0,10.0853,5.2569,11.6808,5.8194
SUKU,SUKU/USDT,sukuusdt,4,4,2,0.0,0.1069,1,2,1,0,0.1534,0.1153,0.1077,0.1432,0.1432,0.1077,0.1077,0.1069,0.2122,0.2122,True,False,1,0.0867,0.1077,0.1534,0.1197
BOSON,BOSON/USDT,bosonusdt,4,4,1,0.0,0.5907,1,2,1,0,0.4084,0.3698,0.3627,0.5454,0.5454,0.3627,0.3627,0.5454,0.6788,0.6788,True,True,1,0.2812,0.3627,0.4084,0.395
COMP,COMP/USDT,compusdt,6,2,1,0.0,75.47,0,1,0,0,69.12,61.32,65.87,75.47,10067.24,65.87,65.87,75.47,136.0,136.0,False,False,0,53.55,61.32,75.47,66.63
PEARL,PEARL/USDT,pearlusdt,6,2,1,22.54,18.25,0,2,1,1,15.87,9.33,10.0,18.25,10011.47,10.0,20.71,18.25,23.03,23.03,False,False,1,10.0,10.0,15.87,11.38
CHR,CHR/USDT,chrusdt,2,6,2,0.0,0.243916,2,1,1,2,0.224469,0.202037,0.19113,0.227291,0.227291,0.19113,0.19113,0.227291,0.389904,0.389904,True,True,0,0.196167,0.202037,0.227291,0.217929
VPAD,VPAD/USDT,vpadusdt,4,4,1,0.0,0.275,0,1,0,0,0.2196,0.1953,0.2207,0.275,10000.2041,0.2279,0.2207,0.275,0.2877,0.2877,False,False,0,0.1715,0.1953,0.275,0.2041
HOLO,HOLO/USDT,holousdt,4,6,2,0.002506,0.002992,2,1,1,1,0.002501,0.002452,0.00242,0.002501,0.002501,0.00242,0.002506,0.002501,0.004591,0.004591,False,True,0,0.002899,0.002452,0.002501,0.002452
WIN,WIN/USDT,winusdt,2,8,1,0.00023913,0.00025842,0,1,0,1,0.0001833,0.00013074,0.00023521,0.00025842,10000.00014231,0.00023521,0.00023521,0.00025842,0.00027723,0.00027723,False,False,0,0.00026568,0.00013074,0.00025842,0.00014159
CEEK,CEEK/USDT,ceekusdt,4,4,1,0.0,0.465,1,2,1,1,0.214,0.1422,0.1095,0.465,10000.1556,0.1095,0.4553,0.465,0.4553,0.4553,False,False,1,0.1095,0.1095,0.214,0.176
ANT,ANT/USDT,antusdt,2,4,0,1.5025,3.6824,2,1,1,1,1.9536,1.8438,1.5025,2.0535,2.0535,-9998.1066,1.5025,1.853,4.0804,4.0804,False,False,0,2.0535,1.8438,2.0535,1.8747
XRP*3,XRP*3/USDT,xrp3lusdt,4,8,2,0.0025,0.002944,0,1,1,1,0.001422,0.00038,0.0025,0.003307,10000.000556,-9999.996897,0.0025,0.002943,0.004949,0.004949,False,False,0,0.003307,0.00038,0.003307,0.000547
DKA,DKA/USDT,dkausdt,2,6,1,0.076201,0.067847,0,1,0,1,0.062067,0.034809,0.05549,0.067847,10000.050454,0.05549,0.076201,0.067847,0.088281,0.088281,False,False,0,0.08569,0.034809,0.067847,0.050336
CSPR,CSPR/USDT,csprusdt,1,4,2,0.0,0.0,1,2,0,0,0.045,0.0329,0.03,0.0811,10000.035,0.03,0.074,0.074,0.074,0.074,False,False,1,0.0,0.03,0.045,0.0388
MXC,MXC/USDT,mxcusdt,2,6,2,0.068561,0.078834,2,1,1,1,0.087,0.078574,0.071991,0.088752,0.088752,-9999.915666,0.073068,0.078834,0.101598,0.101598,False,False,0,0.071991,0.078574,0.088752,0.083896
ACT,ACT/USDT,actusdt,2,6,2,0.0,0.0,1,2,0,0,0.00364,0.002801,0.002309,0.004363,10000.00274,0.002309,0.005734,0.005734,0.005734,0.005734,False,False,1,0.0,0.002309,0.00364,0.00312
FITFI,FITFI/USDT,fitfiusdt,4,6,1,0.0,0.708567,1,2,1,2,0.324997,0.168978,0.078,0.708567,10000.121862,0.078,0.55,0.708567,0.247615,0.247615,False,False,1,0.078,0.078,0.324997,0.186289
XLM,XLM/USDT,xlmusdt,4,6,1,0.0,0.187608,2,1,1,1,0.134185,0.123,0.104051,0.145356,0.145356,0.104051,0.177716,0.145356,0.193463,0.193463,False,True,0,0.104051,0.123,0.145356,0.127479
XTM,XTM/USDT,xtmusdt,4,4,1,0.1114,0.1192,0,1,0,1,0.0643,0.0434,0.1001,0.1192,10000.0643,0.1001,0.1114,0.1192,0.1323,0.1323,False,False,0,0.1238,0.0434,0.1192,0.0562
STARLY,STARLY/USDT,starlyusdt,4,4,2,0.0,0.3283,1,0,1,1,0.5022,0.4167,0.1737,0.3665,10000.2479,-9999.543,0.437,0.3283,0.4667,0.4667,False,False,1,0.2933,0.1737,0.5022,0.485
FSN,FSN/USDT,fsnusdt,4,4,2,0.0,0.4504,1,2,1,0,0.3113,0.284,0.2836,0.3473,0.3473,0.2836,0.2836,0.3473,0.4396,0.4396,True,True,1,0.3359,0.2836,0.3113,0.3008
CNNS,CNNS/USDT,cnnsusdt,2,6,1,0.000182,0.000282,1,2,1,1,0.00028,0.000242,0.00019,0.000282,10000.000201,0.00019,0.000205,0.000282,0.000706,0.000706,False,False,1,0.00019,0.00019,0.00028,0.000278
PRQ,PRQ/USDT,prqusdt,4,4,0,0.0996,0.1827,1,2,1,1,0.152,0.1165,0.1143,0.18,0.18,0.1143,0.1143,0.1146,0.2984,0.2984,True,False,1,0.18,0.1143,0.152,0.1187
FIRO,FIRO/USDT,firousdt,4,4,0,1.4764,2.419,2,0,1,0,2.0891,1.5321,1.4764,1.7228,1.7228,-9998.2533,1.4764,1.7228,3.3548,3.3548,False,False,0,1.1005,1.5321,1.7228,1.7704
STG,STG/USDT,stgusdt,4,4,1,0.0,0.9771,0,1,0,1,0.8948,0.5324,0.8758,0.9771,10000.6308,0.8758,0.8758,0.9771,1.922,1.922,False,False,0,1.2009,0.5324,0.9771,0.6209
SEELE,SEELE/USDT,seeleusdt,2,6,0,0.006801,0.0,1,0,0,0,0.007536,0.007175,0.006801,0.00735,0.00735,-9999.992807,0.006801,0.00735,0.007287,0.007287,False,False,1,0.007496,0.006801,0.007536,0.007402
XDEFI,XDEFI/USDT,xdefiusdt,4,4,1,0.0,0.8027,0,1,0,0,0.4435,0.2279,0.6876,0.8027,10000.2392,0.6876,1.001,0.8027,1.001,1.001,False,False,0,0.6876,0.2279,0.7999,0.2386
MASK,MASK/USDT,maskusdt,4,4,0,1.5487,4.4835,1,0,1,0,2.1291,1.8019,1.5487,1.9051,1.9051,-9998.1002,1.5487,1.9051,4.0046,4.0046,False,False,1,1.2722,1.5487,2.1291,1.9195
PLY,PLY/USDT,plyusdt,4,6,2,0.0,0.0,0,1,0,0,0.005596,0.001319,0.016819,0.071,10000.002931,0.016819,0.016819,0.016819,0.016819,0.016819,False,False,0,0.0,0.001319,0.071,0.002721
BBF,BBF/USDT,bbfusdt,4,4,2,0.0,0.0,0,0,0,0,35.2,22.1661,30.9672,30.9672,10028.4982,30.9672,30.9672,30.9672,30.9672,30.9672,False,False,1,0.0,22.1661,35.2,27.2028
HPT,HPT/USDT,hptusdt,4,6,2,0.0,0.0,0,0,0,0,0.002154,0.002,0.002001,0.002002,10000.002008,-9999.998,0.002002,0.002002,0.002002,0.002002,False,False,1,0.0,0.002001,0.002154,0.002003
NEST,NEST/USDT,nestusdt,2,5,2,0.02655,0.0,1,2,0,1,0.03414,0.03249,0.03129,0.03426,0.03426,0.03129,0.03129,0.03426,0.02817,0.02817,True,True,1,0.03358,0.03129,0.03414,0.034
OGO,OGO/USDT,ogousdt,2,6,2,0.0,0.0,2,1,0,1,0.000881,0.000558,0.000491,0.000772,0.000748,0.000491,0.001168,0.000772,0.001168,0.001168,False,True,0,0.001249,0.000558,0.000748,0.000685
DOCK,DOCK/USDT,dockusdt,2,6,2,0.030736,0.038387,1,2,1,1,0.022784,0.018268,0.017491,0.022247,0.022247,0.017491,0.017491,0.022247,0.033771,0.033771,True,True,1,0.033582,0.017491,0.022784,0.020582
SOS,SOS/USDT,sosusdt,2,8,1,0.0,7.2e-07,1,2,1,0,4.5e-07,2.8e-07,2.1e-07,7.2e-07,10000.0000003,2.1e-07,6.1e-07,7.2e-07,1.25e-06,1.25e-06,False,False,1,2.1e-07,2.1e-07,4.5e-07,3.8e-07
NEXO,NEXO/USDT,nexousdt,2,4,1,0.0,2.32,1,2,1,0,1.4249,1.2151,0.9157,2.32,10001.2738,0.9157,2.2596,2.32,2.2596,2.2596,False,False,1,0.9157,0.9157,1.4249,1.3082
RUFF,RUFF/USDT,ruffusdt,4,6,0,0.00046,0.000608,1,0,1,0,0.000598,0.000539,0.00046,0.000565,0.000565,-9999.999433,0.00046,0.000565,0.001099,0.001099,False,False,1,0.00044,0.00046,0.000598,0.000583
MONO,MONO/USDT,monousdt,4,4,1,0.6874,0.6367,1,2,1,1,0.5003,0.4998,0.4608,0.6367,10000.4675,0.4608,0.6874,0.6367,0.8091,0.8091,False,False,1,0.4608,0.4608,0.5003,0.5003
OMG,OMG/USDT,omgusdt,4,4,1,0.0,3.3916,2,1,1,2,2.5618,2.2362,2.282,2.6674,2.6674,2.3043,2.282,2.6674,4.3943,4.3943,True,True,0,1.9177,2.2362,2.6674,2.4596
NSURE,NSURE/USDT,nsureusdt,4,4,1,0.0,0.0341,0,1,0,0,0.032,0.0156,0.0303,0.0341,10000.0224,0.0303,0.0303,0.0341,0.049,0.049,False,False,0,0.0,0.0156,0.0341,0.0215
DOT,DOT/USDT,dotusdt,4,4,2,9.7614,12.4454,2,1,1,1,10.1566,9.4433,9.2241,10.406,10.406,9.2241,9.7614,10.406,17.4322,17.4322,False,True,0,11.8568,9.4433,10.406,9.772
EGLD,EGLD/USDT,egldusdt,4,4,1,0.0,140.6327,2,1,1,1,93.0816,86.4214,87.4468,94.8748,94.8748,87.4468,87.4468,94.8748,147.7426,147.7426,True,True,0,71.9685,86.4214,94.8748,91.1876
ENS,ENS/USDT,ensusdt,4,4,0,10.0507,19.8989,1,0,1,0,13.6991,11.8389,10.0507,12.9695,12.9695,-9987.4055,10.0507,12.9695,13.4203,13.4203,False,False,1,7.3712,10.0507,13.6991,12.953
TLM,TLM/USDT,tlmusdt,4,6,0,0.031108,0.062977,1,2,1,1,0.035493,0.032139,0.031093,0.03807,0.03807,0.031093,0.031093,0.036275,0.092441,0.092441,True,False,1,0.03807,0.031093,0.035493,0.034024
BOO,BOO/USDT,boousdt,4,4,2,0.0,4.8,1,0,1,0,5.4999,2.1201,1.29,4.8,10002.2,-9995.3392,4.8654,4.8,9.5182,9.5182,False,False,1,1.29,1.29,5.4999,4.2211
XMX,XMX/USDT,xmxusdt,2,8,2,0.0,2.302e-05,1,0,1,0,2.9e-05,1.819e-05,1.339e-05,2.302e-05,10000.00001679,-9999.99997854,4.2e-05,2.302e-05,4.2e-05,4.2e-05,False,False,1,1.339e-05,1.339e-05,2.9e-05,1.886e-05
SLC,SLC/USDT,slcusdt,2,6,1,0.568463,0.133867,0,1,0,1,0.112526,0.110572,0.123243,0.133867,10000.112526,0.123243,0.568463,0.133867,0.509766,0.509766,False,False,0,0.123243,0.110572,0.133867,0.111583
BIT,BIT/USDT,bitusdt,4,4,1,0.0,0.8518,0,1,0,2,0.8199,0.7803,0.833,0.8518,10000.8052,0.833,0.8371,0.8518,1.1828,1.1828,False,False,0,0.833,0.7803,0.8518,0.8052
EGT,EGT/USDT,egtusdt,2,6,0,0.000243,0.000561,1,0,1,0,0.000536,0.000271,0.000243,0.000308,0.000308,-9999.999688,0.000243,0.000308,0.00065,0.00065,False,False,1,0.000325,0.000243,0.000536,0.000323
LTC*(-3),LTC*(-3)/USDT,ltc3susdt,4,10,1,1.0672e-06,3.0256e-06,2,1,1,1,2.4963e-06,1.9223e-06,1.9961e-06,2.8849e-06,2.8849e-06,1.9961e-06,2.2853e-06,2.8849e-06,1.0874e-06,1.0874e-06,False,True,0,1.9961e-06,1.9223e-06,2.8849e-06,2.2488e-06
WICC,WICC/USDT,wiccusdt,4,4,1,0.0,0.1172,1,2,1,1,0.0818,0.0716,0.0657,0.0856,0.0856,0.0657,0.0657,0.0856,0.1318,0.1318,True,True,1,0.059,0.0657,0.0818,0.0738
TINC,TINC/USDT,tincusdt,4,4,2,0.0,0.0,0,0,0,0,0.99,0.5234,0.6691,0.6691,10000.6777,-9999.3299,0.6691,0.6691,0.6691,0.6691,False,False,1,0.0,0.5234,0.99,0.676
XEC,XEC/USDT,xecusdt,2,8,1,7.095e-05,6.243e-05,2,1,1,1,4.789e-05,4.347e-05,3.839e-05,5.033e-05,5.033e-05,3.839e-05,3.839e-05,5.033e-05,8.526e-05,8.526e-05,True,True,0,2.568e-05,4.347e-05,5.033e-05,4.539e-05
SWRV,SWRV/USDT,swrvusdt,4,4,0,0.0454,0.1261,1,2,1,1,0.0687,0.0591,0.0579,0.0761,0.0761,0.0579,0.0579,0.0643,0.1965,0.1965,True,False,1,0.0761,0.0579,0.0687,0.062
BULL,BULL/USDT,bullusdt,2,6,2,0.0,0.034686,2,1,1,0,0.049,0.012052,0.011002,0.05,0.05,0.011002,0.061099,0.05,0.061099,0.061099,False,True,0,0.026958,0.012052,0.05,0.021642
DOT*2,DOT*2/USDT,dot2lusdt,4,4,2,0.5238,1.0243,2,1,1,1,0.4678,0.4092,0.3898,0.4885,0.4885,0.3898,0.5238,0.4885,2.1674,2.1674,False,True,0,0.6404,0.4092,0.4885,0.43
UNIC,UNIC/USDT,unicusdt,4,4,0,10.4362,10.354,1,0,1,0,12.81,10.5063,10.4362,10.8154,10.8154,-9988.9583,10.4362,10.8154,21.7515,21.7515,False,False,1,10.8192,10.4362,12.81,10.6202
WPCI,WPCI/USDT,wpciusdt,4,4,1,0.0,0.6852,2,1,1,1,0.4675,0.392,0.2711,0.4675,0.4149,0.2711,0.6505,0.4675,0.6505,0.6505,False,True,0,0.2711,0.392,0.4149,0.3929
NFT,NFT/USDT,nftusdt,0,10,0,7.198e-07,1.4596e-06,2,1,1,1,7.928e-07,7.562e-07,7.198e-07,7.871e-07,7.871e-07,-9999.9999992293,7.198e-07,7.781e-07,1.5641e-06,1.5641e-06,False,False,0,7.871e-07,7.562e-07,7.871e-07,7.735e-07
VOXEL,VOXEL/USDT,voxelusdt,4,4,1,0.0,0.8876,1,2,1,0,0.6858,0.5666,0.4948,0.7804,0.7804,0.4948,0.4948,0.7804,1.4012,1.4012,True,True,1,0.3316,0.4948,0.6858,0.5948
ATP,ATP/USDT,atpusdt,2,7,1,0.0,0.0003,1,2,1,1,0.0001701,0.000109,7.01e-05,0.0003,10000.0001105,7.01e-05,0.00025,0.0003,0.00025,0.00025,False,False,1,7.01e-05,7.01e-05,0.0001701,0.00012
ORBR,ORBR/USDT,orbrusdt,4,4,2,0.0,0.0,0,0,0,0,29.8379,18.1052,25.3662,25.3662,10021.1736,25.3662,25.3662,25.3662,25.3662,25.3662,False,False,1,0.0,18.1052,29.8379,20.98
RSR,RSR/USDT,rsrusdt,2,6,2,0.004256,0.010493,2,1,1,1,0.004651,0.004039,0.004093,0.00475,0.00475,0.004093,0.004256,0.00475,0.012732,0.012732,False,True,0,0.005169,0.004039,0.00475,0.004348
GT,GT/USDT,gtusdt,2,4,0,5.3587,6.4167,2,1,1,1,5.713,5.5072,5.4247,5.7151,5.7151,5.4247,5.4247,5.7151,6.3243,6.3243,True,True,0,5.7716,5.5072,5.7151,5.673
UUU,UUU/USDT,uuuusdt,2,8,2,4.3e-05,4.8e-05,0,0,1,1,5.368e-05,3.032e-05,2.3e-05,4.8e-05,10000.00002339,-9999.99996875,4.7e-05,4.8e-05,5e-05,5e-05,False,False,1,4.2e-05,2.3e-05,5.368e-05,3.276e-05
OCN,OCN/USDT,ocnusdt,4,8,0,8.33e-05,0.00017862,1,0,1,0,0.00014393,9.046e-05,8.33e-05,0.0001148,0.0001148,-9999.99988711,8.33e-05,0.0001148,0.00024062,0.00024062,False,False,1,8.502e-05,8.33e-05,0.00014393,0.00011504
NHBTC,NHBTC/USDT,nhbtcusdt,4,4,2,0.0,0.0,1,2,0,0,0.0325,0.0116,0.01,0.0329,10000.0173,0.01,0.0309,0.0309,0.0309,0.0309,False,False,1,0.0,0.01,0.0325,0.0188
RING,RING/USDT,ringusdt,2,6,1,0.0,0.015408,0,1,0,1,0.011181,0.00901,0.01376,0.015408,10000.009278,0.01376,0.01376,0.015408,0.016312,0.016312,False,False,0,0.012569,0.00901,0.015408,0.009161
WHALE,WHALE/USDT,whaleusdt,4,4,1,4.9655,3.4612,2,1,1,1,3.0674,2.8056,2.7034,3.3062,3.3062,2.7034,4.9655,3.3062,5.6026,5.6026,False,True,0,2.7034,2.8056,3.3062,2.8686
MU,MU/USDT,muusdt,4,6,2,0.0,0.0,0,0,0,0,0.124567,0.01,0.04092,0.04092,10000.032498,-9999.965942,0.04092,0.04092,0.04092,0.04092,False,False,1,0.0,0.01,0.124567,0.032273
CAN,CAN/USDT,canusdt,4,6,1,0.0,0.000924,0,1,0,0,0.000779,0.000396,0.000721,0.000924,10000.000551,0.000721,0.001357,0.000924,0.001357,0.001357,False,False,0,0.000721,0.000396,0.000924,0.000546
MANA,MANA/USDT,manausdt,2,4,1,0.0,1.6814,1,2,1,1,1.1608,1.0224,0.9776,1.3621,1.3621,0.9776,0.9776,1.3621,2.0027,2.0027,True,True,1,0.6297,0.9776,1.1608,1.083
IOTX,IOTX/USDT,iotxusdt,2,6,2,0.029975,0.033547,2,1,1,1,0.034187,0.031046,0.028085,0.03421,0.03421,-9999.967311,0.029975,0.033547,0.0688,0.0688,False,False,0,0.028085,0.031046,0.03421,0.033737
UTK,UTK/USDT,utkusdt,2,4,1,0.2049,0.2384,2,1,1,1,0.1411,0.1327,0.1241,0.1448,0.1448,0.1241,0.1241,0.1448,0.2258,0.2258,True,True,0,0.0919,0.1327,0.1448,0.1378
PEOPLE,PEOPLE/USDT,peopleusdt,4,6,1,0.0,0.045426,1,2,1,1,0.027654,0.022325,0.01021,0.045426,10000.017967,0.01021,0.046481,0.045426,0.046481,0.046481,False,False,1,0.01021,0.01021,0.027654,0.025117
MIR,MIR/USDT,mirusdt,4,4,1,0.0,1.0658,0,1,0,1,0.2161,0.199,1.0172,1.0658,10000.2083,1.0172,1.0172,1.0658,1.4532,1.4532,False,False,0,1.0022,0.199,1.0647,0.2011
TNB,TNB/USDT,tnbusdt,2,6,2,0.002966,0.0,0,0,0,0,0.003799,0.003566,0.002966,0.003248,10000.003091,-9999.996299,0.002966,0.002613,0.002613,0.002613,False,False,1,0.003248,0.002966,0.003799,0.003771
ADA,ADA/USDT,adausdt,4,6,1,0.76035,0.700978,2,1,1,1,0.54008,0.501717,0.491979,0.546983,0.546983,0.491979,0.491979,0.546983,0.888307,0.888307,True,True,0,0.402168,0.501717,0.546983,0.527978
STEEM,STEEM/USDT,steemusdt,4,4,1,0.0,0.4981,2,1,1,1,0.2801,0.2477,0.2342,0.2937,0.2937,0.2342,0.2342,0.2937,0.3214,0.3214,True,True,0,0.1862,0.2477,0.2937,0.263
GEAR,GEAR/USDT,gearusdt,4,4,2,0.0,0.0226,2,1,1,0,0.0276,0.0163,0.016,0.0277,0.0277,-9999.9735,0.0532,0.0226,0.0532,0.0532,False,False,0,0.0223,0.0163,0.0277,0.0257
XRP*(-3),XRP*(-3)/USDT,xrp3susdt,4,4,0,1.0864,1.1224,2,1,1,1,3.576,1.7176,1.0864,4.2748,4.2748,-9996.7427,1.0864,1.1224,0.6726,0.6726,False,False,0,4.2748,1.7176,4.2748,2.3628
YFI,YFI/USDT,yfiusdt,6,2,1,0.0,14853.65,2,1,1,1,9357.72,8911.09,8878.67,9901.67,9901.67,8878.67,17506.35,9901.67,18451.42,18451.42,False,True,0,8878.67,8911.09,9901.67,9045.78
SAND,SAND/USDT,sandusdt,4,6,1,2.082808,2.053281,0,1,0,1,1.535293,0.96231,1.876097,2.053281,10001.323949,1.876097,2.082808,2.053281,2.60867,2.60867,False,False,0,2.461096,0.96231,2.053281,1.293836
CRV,CRV/USDT,crvusdt,4,4,1,2.1737,1.518,0,1,0,1,1.2454,0.9926,1.2475,1.518,10001.1836,1.2478,1.2475,1.518,2.0915,2.0915,False,False,0,2.459,0.9926,1.518,1.1563
OXT,OXT/USDT,oxtusdt,4,4,0,0.1065,0.163,1,0,1,0,0.18,0.1189,0.1065,0.1244,0.1244,-9999.8722,0.1065,0.1244,0.2314,0.2314,False,False,1,0.0853,0.1065,0.18,0.1278
MX,MX/USDT,mxusdt,2,4,1,2.3936,2.4408,1,2,1,1,1.5842,1.4615,1.4469,1.6474,1.6474,1.4469,1.4469,1.6474,2.3984,2.3984,True,True,1,1.3141,1.4469,1.5842,1.5263
CTX,CTX/USDT,ctxusdt,4,4,1,5.996,5.5021,0,1,0,1,5.7221,2.7285,4.6407,5.5021,10004.0939,4.6407,4.6407,5.5021,6.0388,6.0388,False,False,0,4.5313,2.7285,5.4361,3.9436
NYM,NYM/USDT,nymusdt,4,4,1,0.0,0.8831,1,2,1,1,0.525,0.451,0.3971,0.5377,0.5377,0.3971,0.3971,0.5377,1.7169,1.7169,True,True,1,0.2762,0.3971,0.525,0.5082
CLV,CLV/USDT,clvusdt,4,4,2,0.1432,0.1485,2,1,1,1,0.1542,0.1382,0.1376,0.16,0.16,0.1376,0.1432,0.16,0.3301,0.3301,False,True,0,0.2109,0.1382,0.16,0.1431
ZIG,ZIG/USDT,zigusdt,4,6,2,0.014467,0.016353,1,0,1,1,0.021897,0.018326,0.0144,0.016353,10000.0144,-9999.980041,0.015318,0.016353,0.031876,0.031876,False,False,1,0.0144,0.0144,0.021897,0.02
GALA,GALA/USDT,galausdt,2,6,1,0.0,0.165719,0,1,0,1,0.108446,0.049342,0.120248,0.165719,10000.082735,0.120248,0.185652,0.165719,0.185652,0.185652,False,False,0,0.120248,0.049342,0.165719,0.081275
CKB,CKB/USDT,ckbusdt,2,6,1,0.00887,0.009097,2,1,1,1,0.005038,0.004773,0.004186,0.006324,0.006324,0.004186,0.008879,0.006324,0.010904,0.010904,False,True,0,0.004186,0.004773,0.006324,0.004888
TRAC,TRAC/USDT,tracusdt,4,4,2,0.0,0.3392,0,0,0,1,0.4073,0.2,0.26,0.3392,10000.2603,-9999.6783,0.583,0.3392,0.5245,0.5245,False,False,0,0.26,0.2,0.3392,0.3148
SFUND,SFUND/USDT,sfundusdt,4,4,2,0.0,0.0,0,0,0,0,1.8291,1.3598,1.71,1.71,10001.7499,-9998.3329,1.71,1.71,1.71,1.71,False,False,1,0.0,1.3598,1.8291,1.7234
FILDA,FILDA/USDT,fildausdt,2,6,1,0.0,0.012,1,2,1,0,0.009396,0.007101,0.007104,0.012,10000.007104,0.007104,0.0131,0.012,0.0131,0.0131,False,False,1,0.007104,0.007104,0.009396,0.0077
BTC*3,BTC*3/USDT,btc3lusdt,4,4,2,6.7444,8.6102,0,1,1,1,3.5,2.226,6.7444,8.1206,10002.8504,-9992.2753,6.7444,7.6368,7.8238,7.8238,False,False,0,8.1206,2.226,8.1206,2.7945
ARPA,ARPA/USDT,arpausdt,2,6,1,0.0,0.046103,1,2,1,1,0.037227,0.029533,0.023885,0.046103,10000.030189,0.023885,0.064904,0.046103,0.063536,0.063536,False,False,1,0.023885,0.023885,0.037227,0.032929
NUM,NUM/USDT,numusdt,4,4,2,0.0,0.0,1,2,0,0,0.1425,0.0907,0.089,0.3974,10000.1069,0.089,0.3564,0.3564,0.3564,0.3564,False,False,1,0.0,0.089,0.1425,0.0948
GOF,GOF/USDT,gofusdt,2,4,2,0.0,0.0,1,2,0,0,0.0708,0.0569,0.054,0.1597,10000.059,0.054,0.1213,0.1213,0.1213,0.1213,False,False,1,0.0,0.054,0.0708,0.0593
XRT,XRT/USDT,xrtusdt,4,4,1,9.1252,6.8391,0,1,0,1,4.667,3.3622,6.0286,6.8391,10004.5199,6.0286,9.1252,6.8391,10.1361,10.1361,False,False,0,6.0286,3.3622,6.8391,4.2818
DIA,DIA/USDT,diausdt,4,4,2,0.3019,0.3841,1,2,1,1,0.5812,0.5003,0.5003,1.2,1.2,0.5036,0.5003,0.3841,0.8508,0.8508,True,False,1,0.34,0.5036,0.5812,0.56
BTT,BTT/USDT,bttusdt,4,10,1,0.0,1.526e-06,2,1,1,2,1.1433e-06,1.075e-06,1.0704e-06,1.1516e-06,1.1516e-06,1.0704e-06,1.0704e-06,1.1516e-06,1.8579e-06,1.8579e-06,True,True,0,9.868e-07,1.075e-06,1.1516e-06,1.1007e-06
WOZX,WOZX/USDT,wozxusdt,4,4,1,0.0,0.1135,1,2,1,1,0.1161,0.1005,0.0851,0.1135,10000.1006,0.0851,0.0922,0.1135,0.1344,0.1344,False,False,1,0.0851,0.0851,0.1161,0.1089
SPRT,SPRT/USDT,sprtusdt,4,4,1,0.0,0.708,1,2,1,1,0.5197,0.4564,0.4683,0.5655,0.5655,0.4697,0.4683,0.5655,0.9373,0.9373,True,True,1,0.3005,0.4697,0.5197,0.498
QRDO,QRDO/USDT,qrdousdt,4,4,1,0.0,0.682,0,1,0,1,0.5756,0.5049,0.5913,0.682,10000.544,0.5913,0.5913,0.682,1.8429,1.8429,False,False,0,0.3412,0.5049,0.682,0.5216
AKRO,AKRO/USDT,akrousdt,2,5,1,0.00866,0.00398,1,2,1,1,0.00379,0.00333,0.00299,0.00398,10000.00342,0.00299,0.00372,0.00398,0.01047,0.01047,False,False,1,0.00299,0.00299,0.00379,0.0034
ATOM,ATOM/USDT,atomusdt,3,4,2,17.4496,22.3034,0,1,1,1,15.3129,8.5403,17.4496,20.3338,10011.1684,-9980.1188,17.4496,18.9914,22.874,22.874,False,False,0,20.3338,8.5403,20.3338,10.9033
REEF,REEF/USDT,reefusdt,4,6,1,0.0,0.006187,0,1,0,1,0.004907,0.002738,0.005132,0.006187,10000.004447,0.005132,0.008544,0.006187,0.008544,0.008544,False,False,0,0.005132,0.002738,0.006187,0.004312
IMX,IMX/USDT,imxusdt,4,4,2,1.4278,1.863,0,1,1,1,1.0895,0.6775,1.4278,1.8632,10000.8778,-9998.2345,1.4278,1.6058,1.6341,1.6341,False,False,0,1.8632,0.6775,1.8632,0.8595
LINK*(-3),LINK*(-3)/USDT,link3susdt,4,4,0,19.4997,30.1822,1,0,1,0,24.2116,19.6313,19.4997,22.2086,22.2086,-9977.6055,19.4997,22.2086,6.5183,6.5183,False,False,1,25.8531,19.4997,24.2116,21.3922
KNC,KNC/USDT,kncusdt,2,4,0,1.9796,1.7963,1,0,1,0,2.8465,2.3501,1.9796,2.3465,2.3465,-9997.5321,1.9796,1.7174,4.1426,4.1426,False,False,1,2.3465,1.9796,2.8465,2.4828
AIOZ,AIOZ/USDT,aiozusdt,4,4,0,0.0679,0.1523,1,0,1,0,0.1647,0.1135,0.0679,0.088,0.088,-9999.8865,0.0679,0.0773,0.1925,0.1925,False,False,1,0.088,0.0679,0.1647,0.1502
SNX,SNX/USDT,snxusdt,2,4,1,4.5127,3.783,0,1,0,1,3.1026,2.2054,3.1433,3.783,10002.574,3.1433,4.5127,3.783,4.8264,4.8264,False,False,0,3.1433,2.2054,3.783,2.5351
LITH,LITH/USDT,lithusdt,4,6,2,0.001815,0.00186,2,1,1,1,0.001991,0.001917,0.001766,0.002355,0.002355,-9999.997848,0.001815,0.001869,0.004087,0.004087,False,False,0,0.001961,0.001917,0.002355,0.001991
BAT,BAT/USDT,batusdt,2,4,1,0.0,0.4215,2,1,1,2,0.4061,0.3702,0.359,0.4091,0.4091,0.359,0.3819,0.4091,0.7281,0.7281,False,True,0,0.359,0.3702,0.4091,0.3814
RACA,RACA/USDT,racausdt,4,6,1,0.0,0.000867,1,2,1,1,0.000703,0.000512,0.000355,0.000867,10000.000431,0.000355,0.001693,0.000867,0.001693,0.001693,False,False,1,0.000355,0.000355,0.000703,0.000546
LOL,LOL/USDT,lolusdt,4,6,1,0.0,4.9e-05,1,2,1,0,4.8e-05,2e-05,2.1e-05,4.9e-05,10000.000027,2.1e-05,4.3e-05,4.9e-05,4.5e-05,4.5e-05,False,False,1,2.1e-05,2.1e-05,4.8e-05,2.7e-05
FUSE,FUSE/USDT,fuseusdt,4,4,1,0.0,0.2252,0,1,0,0,0.1596,0.1358,0.2009,0.2252,10000.1453,0.2009,0.3315,0.2252,0.3315,0.3315,False,False,0,0.2009,0.1358,0.2252,0.1437
SKU,SKU/USDT,skuusdt,4,6,2,0.0,0.031815,0,2,1,0,0.032339,0.028097,0.027043,0.035,10000.028118,0.027043,0.027043,0.031815,0.064945,0.064945,False,False,1,0.02,0.027043,0.032339,0.029348
C98,C98/USDT,c98usdt,4,4,1,0.0,1.2629,1,2,1,1,0.5608,0.4232,0.3437,1.2629,10000.4416,0.3437,1.429,1.2629,1.429,1.429,False,False,1,0.3437,0.3437,0.5608,0.5122
GCOIN,GCOIN/USDT,gcoinusdt,4,4,0,0.167,0.2548,1,2,1,1,0.1901,0.1901,0.1701,0.2223,0.2223,0.1701,0.1701,0.1604,0.6235,0.6235,True,False,1,0.2223,0.1701,0.1901,0.1901
BNB,BNB/USDT,bnbusdt,4,2,1,0.0,332.77,2,1,1,1,315.88,294.15,217.84,315.9,315.9,217.84,380.78,315.9,401.73,401.73,False,True,0,217.84,294.15,315.9,307.0
ITC,ITC/USDT,itcusdt,4,6,1,0.0,0.0184,0,1,0,1,0.012,0.006,0.0147,0.0184,10000.010085,0.0147,0.0166,0.0184,0.0207,0.0207,False,False,0,0.0147,0.006,0.0184,0.00996
PHA,PHA/USDT,phausdt,4,6,0,0.115284,0.199651,1,2,1,1,0.152925,0.121601,0.114466,0.139778,0.139778,0.114466,0.114466,0.12006,0.256222,0.256222,True,False,1,0.139778,0.114466,0.152925,0.124059
LQTY,LQTY/USDT,lqtyusdt,4,4,2,0.0,1.2637,1,0,1,0,2.0005,1.2641,0.9008,1.2637,10001.0521,-9998.4239,1.4555,1.2637,1.8726,1.8726,False,False,1,0.9008,0.9008,2.0005,1.5886
LBA,LBA/USDT,lbausdt,4,6,0,0.000987,0.003011,1,0,1,0,0.001622,0.001011,0.000987,0.001198,0.001198,-9999.998738,0.000987,0.001198,0.002618,0.002618,False,False,1,0.000817,0.000987,0.001622,0.001306
MC,MC/USDT,mcusdt,4,4,1,0.0,1.5159,0,1,0,1,1.2672,0.9785,1.25,1.5159,10001.0451,1.25,1.5001,1.5159,2.0052,2.0052,False,False,0,1.25,0.9785,1.5159,1.04
RAD,RAD/USDT,radusdt,4,4,2,1.8903,4.4795,1,2,1,1,2.0218,1.9352,1.8929,2.1405,2.1405,1.8929,1.8929,2.1405,4.5351,4.5351,True,True,1,2.459,1.8929,2.0218,1.9796
LET,LET/USDT,letusdt,4,6,1,0.00136,0.001679,1,2,1,1,0.001999,0.000896,0.000821,0.001679,10000.0009,0.000821,0.001411,0.001679,0.002067,0.002067,False,False,1,0.000821,0.000821,0.001999,0.001233
GODS,GODS/USDT,godsusdt,4,4,2,0.0,0.3964,1,0,1,1,0.9768,0.632,0.3219,0.3964,10000.3435,-9999.2939,0.3465,0.3964,1.017,1.017,False,False,1,0.3219,0.3219,0.9768,0.7129
FTT,FTT/USDT,fttusdt,4,4,1,29.9514,32.6228,0,1,0,1,31.4014,29.235,30.8019,32.6228,10030.0461,30.8019,30.8019,32.6228,41.1897,41.1897,False,False,0,32.811,29.235,32.6228,29.889
BCH*(-3),BCH*(-3)/USDT,bch3susdt,4,8,0,2.271e-05,0.0,2,1,0,1,4.53e-05,1.873e-05,2.271e-05,5.761e-05,5.761e-05,-9999.99995486,2.271e-05,1.286e-05,1.286e-05,1.286e-05,False,False,0,5.761e-05,1.873e-05,5.761e-05,3.18e-05
POLC,POLC/USDT,polcusdt,4,4,2,0.0,0.1033,2,1,1,2,0.0856,0.0825,0.056,0.1137,0.1137,-9999.8986,0.1975,0.1033,0.1975,0.1975,False,False,0,0.056,0.0825,0.1137,0.0831
SMT,SMT/USDT,smtusdt,4,6,1,0.0,0.003727,1,2,1,0,0.002648,0.002047,0.001909,0.002564,0.002564,0.001909,0.001909,0.002564,0.005274,0.005274,True,True,1,0.001706,0.001909,0.002648,0.002262
CVX,CVX/USDT,cvxusdt,4,4,1,0.0,22.1979,0,1,0,1,9.944,9.5778,18.4459,22.1979,10009.944,18.4459,22.3571,22.1979,25.7002,25.7002,False,False,0,18.4459,9.5778,22.1979,9.6316
HUNT,HUNT/USDT,huntusdt,4,4,1,0.0,0.5071,2,1,1,0,0.4979,0.4573,0.4149,0.5111,0.5111,0.4149,0.4605,0.5111,0.8123,0.8123,False,True,0,0.4149,0.4573,0.5111,0.4735
UPI,UPI/USDT,upiusdt,4,4,2,0.0,0.035,1,0,1,0,0.0531,0.021,0.0141,0.035,10000.0172,-9999.9701,0.0538,0.035,0.0547,0.0547,False,False,1,0.0141,0.0141,0.0531,0.0333
MGG,MGG/USDT,mggusdt,4,6,1,0.0,0.037441,1,2,1,1,0.032597,0.016374,0.012361,0.037441,10000.022978,0.012361,0.030078,0.037441,0.030024,0.030024,False,False,1,0.012361,0.012361,0.032597,0.022988
WAR,WAR/USDT,warusdt,4,4,1,0.0209,0.0295,0,1,0,1,0.0177,0.0121,0.019,0.0295,10000.0129,0.019,0.0209,0.0295,0.0329,0.0329,False,False,0,0.027,0.0121,0.0295,0.0129
GQ,GQ/USDT,gqusdt,4,6,2,0.011292,0.013029,0,1,1,1,0.008423,0.006139,0.011292,0.018143,10000.007785,-9999.984,0.011292,0.013029,0.028576,0.028576,False,False,0,0.018143,0.006139,0.018143,0.007527
ONIT,ONIT/USDT,onitusdt,4,4,1,0.0,0.1446,1,2,1,1,0.0755,0.0475,0.0232,0.1446,10000.0475,0.0232,0.1454,0.1446,0.1377,0.1377,False,False,1,0.0232,0.0232,0.0755,0.06
SHIB,SHIB/USDT,shibusdt,2,8,1,0.0,1.798e-05,1,2,1,0,1.438e-05,1.047e-05,9.07e-06,1.798e-05,10000.00001118,9.07e-06,2.415e-05,1.798e-05,2.415e-05,2.415e-05,False,False,1,9.07e-06,9.07e-06,1.438e-05,1.154e-05
ASTR,ASTR/USDT,astrusdt,2,6,1,0.2065,0.118278,2,1,1,1,0.060962,0.054661,0.041471,0.089925,0.089925,0.041471,0.208557,0.089925,0.206419,0.206419,False,True,0,0.041471,0.054661,0.089925,0.055254
BLZ,BLZ/USDT,blzusdt,2,4,0,0.0673,0.105,2,1,1,1,0.0788,0.0724,0.0673,0.0798,0.0798,-9999.9235,0.0673,0.0785,0.1478,0.1478,False,False,0,0.0798,0.0724,0.0798,0.077
LHB,LHB/USDT,lhbusdt,2,6,2,0.002001,0.0,0,1,0,1,0.001539,0.00119,0.002001,0.002459,10000.001422,-9999.99783,0.002001,0.00201,0.00201,0.00201,False,False,0,0.002459,0.00119,0.002459,0.001399
CAKE,CAKE/USDT,cakeusdt,4,4,2,4.3505,6.3204,2,1,1,1,4.6689,4.3369,4.287,4.6705,4.6705,4.287,4.3505,4.6705,8.0329,8.0329,False,True,0,4.7914,4.3369,4.6705,4.4762
YFII,YFII/USDT,yfiiusdt,4,4,2,1325.0,1724.7499,1,2,1,1,1450.0,860.5315,957.496,1477.6304,11068.7172,957.496,1325.0,1434.6708,1791.8298,1791.8298,False,False,1,1477.6304,957.496,1450.0,1181.4476
DYDX,DYDX/USDT,dydxusdt,4,4,1,0.0,4.6232,0,1,0,1,2.3075,1.4122,3.9822,4.6232,10001.9789,3.9822,4.2826,4.6232,4.2826,4.2826,False,False,0,3.9822,1.4122,4.6232,1.9374
AMP,AMP/USDT,ampusdt,4,6,1,0.021841,0.020339,1,2,1,1,0.014937,0.012877,0.012764,0.014725,0.014725,0.012764,0.012764,0.014725,0.021031,0.021031,True,True,1,0.009649,0.012764,0.014937,0.012961
ETC,ETC/USDT,etcusdt,4,4,1,0.0,33.0427,2,1,1,1,21.1726,19.7278,19.4179,21.2119,21.2119,19.4179,19.4179,21.2119,35.0444,35.0444,True,True,0,16.0115,19.7278,21.2119,20.1882
CUDOS,CUDOS/USDT,cudosusdt,4,6,2,0.0,0.01798,2,1,1,1,0.015731,0.009498,0.007367,0.015042,0.015042,0.007367,0.019305,0.015042,0.020253,0.020253,False,True,0,0.016561,0.009498,0.015042,0.010548
O3,O3/USDT,o3usdt,2,4,0,0.1275,0.0,1,0,0,0,0.2487,0.1882,0.1275,0.1527,0.1527,-9999.7982,0.1275,0.1527,0.3336,0.3336,False,False,1,0.0,0.1275,0.2487,0.2087
ELF,ELF/USDT,elfusdt,4,4,1,0.0,0.1967,1,2,1,2,0.1796,0.1154,0.1135,0.1967,10000.1392,0.1135,0.2303,0.1967,0.3169,0.3169,False,False,1,0.1135,0.1135,0.1796,0.1519
TRB,TRB/USDT,trbusdt,4,4,0,9.1142,14.6961,2,1,1,1,11.0953,9.8501,9.1142,11.4546,11.4546,-9989.1975,9.1142,11.1255,19.1147,19.1147,False,False,0,11.4546,9.8501,11.4546,10.2596
YEE,YEE/USDT,yeeusdt,2,6,1,0.0,0.000359,2,1,1,0,0.000266,0.00019,0.000103,0.00048,0.00048,0.000103,0.00043,0.00048,0.00043,0.00043,False,True,0,0.000103,0.00019,0.00048,0.000225
ANML,ANML/USDT,anmlusdt,4,6,1,0.0,0.00338,0,1,0,1,0.002975,0.002764,0.002883,0.00338,10000.002841,0.002883,0.016652,0.00338,0.016652,0.016652,False,False,0,0.006078,0.002764,0.00338,0.002802
1INCH,1INCH/USDT,1inchusdt,4,6,1,0.0,1.38,2,1,1,2,0.976269,0.888738,0.705548,0.985764,0.985764,0.705548,1.429778,0.985764,1.429778,1.429778,False,True,0,0.705548,0.888738,0.985764,0.922896
LUNR,LUNR/USDT,lunrusdt,4,4,2,0.0,0.0,0,1,0,0,0.54,0.2145,0.4716,0.6685,10000.3007,-9999.5846,0.4716,0.4716,0.4716,0.4716,False,False,0,0.0,0.2145,0.6685,0.2977
SNS,SNS/USDT,snsusdt,2,6,1,0.0,0.051001,2,1,1,1,0.029103,0.029103,0.029005,0.037552,0.037552,0.029005,0.057471,0.037552,0.051001,0.051001,False,True,0,0.029005,0.029103,0.037552,0.029103
GMT,GMT/USDT,gmtusdt,4,4,1,0.0,2.842,1,2,1,1,1.7553,1.123,0.8896,2.842,10001.2307,0.8896,2.375,2.842,2.375,2.375,False,False,1,0.8896,0.8896,1.7553,1.3414
1SOL,1SOL/USDT,1solusdt,4,4,1,0.0,0.1087,1,2,1,0,0.1134,0.0851,0.085,0.1087,10000.0882,0.085,0.123,0.1087,0.2713,0.2713,False,False,1,0.085,0.085,0.1134,0.106
BICO,BICO/USDT,bicousdt,4,4,1,0.0,1.2951,1,2,1,1,0.7937,0.5421,0.3604,1.2951,10000.4286,0.3604,1.2431,1.2951,1.2431,1.2431,False,False,1,0.3604,0.3604,0.7937,0.6901
AUDIO,AUDIO/USDT,audiousdt,4,4,1,0.0,0.7012,2,1,1,1,0.4468,0.3903,0.2969,0.5076,0.5076,0.2969,0.8085,0.5076,1.2907,1.2907,False,True,0,0.2969,0.3903,0.5076,0.4107
ATS,ATS/USDT,atsusdt,2,6,1,0.0,0.239128,0,1,0,2,0.220884,0.200001,0.235852,0.239128,10000.217233,0.235852,0.332203,0.239128,0.332203,0.332203,False,False,0,0.430386,0.200001,0.239128,0.215797
USDT,USDT/HUSD,usdthusd,4,4,2,0.0,0.0,2,1,0,0,0.999,0.9986,0.8901,0.9994,0.9994,1.0003,1.0003,1.0003,1.0003,1.0003,False,False,0,0.0,0.9986,0.9994,0.9987
ANKR,ANKR/USDT,ankrusdt,2,6,2,0.036301,0.051016,2,1,1,1,0.039459,0.035657,0.033617,0.0395,0.0395,0.033617,0.036301,0.0395,0.072609,0.072609,False,True,0,0.041425,0.035657,0.0395,0.036879
RSS3,RSS3/USDT,rss3usdt,4,4,1,0.1865,0.215,0,1,0,1,0.1612,0.1142,0.1568,0.215,10000.1287,0.1568,0.1914,0.215,0.1928,0.1928,False,False,0,0.1568,0.1142,0.215,0.1268
CRPT,CRPT/USDT,crptusdt,4,4,0,0.1624,0.39,2,1,1,1,0.2034,0.1729,0.1746,0.2064,0.2064,0.1746,0.1746,0.2064,0.4527,0.4527,True,True,0,0.2432,0.1729,0.2064,0.1918
ONE,ONE/USDT,oneusdt,2,6,1,0.0,0.092612,0,1,0,2,0.055944,0.032031,0.069523,0.092612,10000.046688,0.069523,0.11415,0.092612,0.11415,0.11415,False,False,0,0.069523,0.032031,0.092612,0.046036
AURORA,AURORA/USDT,aurorausdt,4,4,1,9.9299,10.714,0,2,2,0,5.5483,3.1079,3.9018,8.389,10003.6998,3.9018,9.9299,10.714,9.8867,9.8867,False,False,1,3.9018,3.9018,5.5483,3.6128
CTSI,CTSI/USDT,ctsiusdt,2,4,1,0.0,0.2309,0,1,0,2,0.231,0.126,0.187,0.2309,10000.1877,0.187,0.3251,0.2309,0.3251,0.3251,False,False,0,0.187,0.126,0.2309,0.1853
NKN,NKN/USDT,nknusdt,2,6,2,0.089759,0.183468,2,1,1,1,0.101117,0.09196,0.084442,0.101437,0.101437,0.084442,0.089759,0.101437,0.196633,0.196633,False,True,0,0.104876,0.09196,0.101437,0.096804
ZEC,ZEC/USDT,zecusdt,4,2,0,99.74,140.64,2,1,1,1,109.15,101.02,94.15,111.68,111.68,94.15,94.15,111.68,137.53,137.53,True,True,0,116.54,101.02,111.68,102.32
SDN,SDN/USDT,sdnusdt,2,4,1,0.8,0.4882,0,1,0,1,0.4213,0.3764,0.4393,0.4882,10000.3893,0.4393,0.4393,0.4882,1.0879,1.0879,False,False,0,0.31,0.3764,0.4882,0.3823
XCUR,XCUR/USDT,xcurusdt,4,4,0,0.1064,0.994,1,0,1,0,0.266,0.1168,0.1064,0.1547,0.1547,-9999.8565,0.1064,0.1547,1.1306,1.1306,False,False,1,0.0836,0.1064,0.266,0.1505
FIS,FIS/USDT,fisusdt,2,4,1,0.0,0.421,1,2,1,1,0.4469,0.1957,0.1736,0.421,10000.2094,0.1736,0.5948,0.421,0.6036,0.6036,False,False,1,0.1736,0.1736,0.4469,0.314
SXP,SXP/USDT,sxpusdt,4,4,2,1.004,1.2626,2,1,1,1,0.4871,0.4325,0.401,0.4899,0.4899,0.401,0.401,0.4899,1.2624,1.2624,True,True,0,1.1175,0.4325,0.4899,0.4674
FIL,FIL/USDT,filusdt,4,4,1,0.0,9.2494,2,1,1,1,8.2776,7.6845,7.372,8.341,8.341,7.372,8.0384,8.341,18.9156,18.9156,False,True,0,7.372,7.6845,8.341,8.0107
BTC*(-3),BTC*(-3)/USDT,btc3susdt,4,8,2,0.00010067,0.0001275,2,1,1,1,0.00024326,0.00020082,0.00019114,0.00025324,0.00025324,0.00019114,0.00019114,0.00025324,0.00012257,0.00012257,True,True,0,0.00011444,0.00020082,0.00025324,0.0002306
PHCR,PHCR/USDT,phcrusdt,4,6,0,0.000173,0.000491,1,0,1,0,0.000194,0.000185,0.000173,0.000176,0.000176,-9999.999808,0.000173,0.000176,0.000644,0.000644,False,False,1,0.000101,0.000173,0.000194,0.000194
UST,UST/USDT,ustusdt,4,4,1,0.0,0.88,0,1,0,0,0.35,0.035,0.221,0.88,10000.059,0.221,1.002,0.88,1.002,1.002,False,False,0,0.221,0.035,0.88,0.0565
VET,VET/USDT,vetusdt,4,6,1,0.0,0.03331,2,1,1,1,0.031955,0.029363,0.02827,0.032046,0.032046,0.02827,0.029965,0.032046,0.056483,0.056483,False,True,0,0.02827,0.029363,0.032046,0.030198
SOC,SOC/USDT,socusdt,2,6,0,0.001968,0.002384,2,1,1,1,0.002428,0.00202,0.001968,0.002408,0.002408,-9999.99766,0.001968,0.002334,0.00259,0.00259,False,False,0,0.002408,0.00202,0.002408,0.002237
ZRX,ZRX/USDT,zrxusdt,2,4,0,0.3552,0.8279,1,0,1,0,0.4854,0.3896,0.3552,0.4505,0.4505,-9999.5715,0.3552,0.4505,0.6677,0.6677,False,False,1,0.297,0.3552,0.4854,0.4247
KMA,KMA/USDT,kmausdt,2,6,1,0.004763,0.004259,2,1,1,1,0.00255,0.001792,0.00176,0.002502,0.002502,0.00176,0.004763,0.002502,0.006586,0.006586,False,True,0,0.00176,0.001792,0.002502,0.002134
POND,POND/USDT,pondusdt,4,6,2,0.00807,0.026064,0,2,1,1,0.012394,0.009703,0.010077,0.014264,10000.01023,0.010135,0.010077,0.009315,0.027142,0.027142,False,False,1,0.014264,0.010135,0.012394,0.010185
WBTC,WBTC/USDT,wbtcusdt,4,2,2,28804.08,30078.8,1,2,1,1,29417.21,29202.4,28889.81,30603.87,38889.86,28889.81,29839.0,30078.8,38906.42,38906.42,False,False,1,29410.77,28889.81,29417.21,29242.22
AAVE,AAVE/USDT,aaveusdt,4,4,0,79.2905,118.3794,1,0,1,0,98.148,84.4717,79.2905,97.1452,97.1452,-9910.7076,79.2905,92.4232,161.1245,161.1245,False,False,1,97.1452,79.2905,98.148,90.5343
BSV,BSV/USDT,bsvusdt,4,4,2,48.9027,65.8821,0,0,1,0,57.7529,47.0189,48.9027,53.7485,10048.7897,-9945.6528,48.9027,53.7485,81.402,81.402,False,False,1,44.9322,48.9497,57.7529,48.0504
MATIC,MATIC/USDT,maticusdt,4,6,1,1.036038,0.989855,1,2,1,1,0.75367,0.590245,0.501765,0.989855,10000.6131,0.501765,1.036038,0.989855,1.314238,1.314238,False,False,1,0.501765,0.501765,0.75367,0.640796
ALGO,ALGO/USDT,algousdt,2,4,2,0.0,0.7303,1,2,1,1,0.509,0.4149,0.358,0.7751,10000.4137,0.358,0.6523,0.7303,0.703,0.703,False,False,1,0.6135,0.358,0.509,0.4266
EOS,EOS/USDT,eosusdt,4,4,1,0.0,1.3946,2,1,1,1,1.3332,1.2457,1.2244,1.3476,1.3476,1.2244,1.2802,1.3476,2.3388,2.3388,False,True,0,1.2244,1.2457,1.3476,1.2894
TRX,TRX/USDT,trxusdt,2,6,1,0.064587,0.092703,0,1,0,1,0.085,0.062207,0.071586,0.092703,10000.071563,0.071586,0.071586,0.092703,0.059858,0.059858,False,False,0,0.089819,0.062207,0.092703,0.07203
NEO,NEO/USDT,neousdt,4,2,1,17.16,15.02,1,2,1,1,11.28,9.55,8.42,15.02,10009.89,8.42,17.16,15.02,20.04,20.04,False,False,1,8.42,8.42,11.28,10.26
HC,HC/USDT,hcusdt,4,4,1,0.2818,0.2817,2,1,1,1,0.1693,0.1325,0.1205,0.1842,0.1842,0.1205,0.2711,0.1842,0.3387,0.3387,False,True,0,0.1205,0.1325,0.1842,0.1525
BSV*(-3),BSV*(-3)/USDT,bsv3susdt,4,8,1,0.0001268,0.00025688,1,2,1,1,0.00021802,0.00017429,0.00013372,0.00025688,10000.00014715,0.00013372,0.00018931,0.00025688,6.851e-05,6.851e-05,False,False,1,0.00013372,0.00013372,0.00021802,0.00020994
BAL,BAL/USDT,balusdt,2,4,1,0.0,9.8261,0,1,0,0,8.5491,7.3791,8.1014,9.8261,10007.6833,8.1014,14.2163,9.8261,14.2163,14.2163,False,False,0,8.1014,7.3791,9.8149,7.6624
GF,GF/USDT,gfusdt,4,4,1,0.0,0.9082,0,1,0,1,0.6282,0.4572,0.8494,0.9082,10000.4923,0.8494,1.24,0.9082,1.2657,1.2657,False,False,0,0.8494,0.4572,0.9082,0.4914
XMR,XMR/USDT,xmrusdt,4,2,0,164.63,233.89,1,0,1,0,189.63,164.63,164.63,179.7,179.7,-9835.37,164.63,174.48,237.34,237.34,False,False,1,179.7,169.0,189.63,174.94
KAVA,KAVA/USDT,kavausdt,2,4,0,2.1979,3.9073,2,1,1,1,2.6807,2.215,2.2619,2.7248,2.7248,2.2619,2.2619,2.7248,4.1864,4.1864,True,True,0,2.8798,2.215,2.7248,2.6103
T,T/USDT,tusdt,4,4,1,0.0,0.0678,1,2,1,0,0.0663,0.0458,0.037,0.0678,10000.0411,0.037,0.1088,0.0678,0.1088,0.1088,False,False,1,0.037,0.037,0.0663,0.0481
LOOT,LOOT/USDT,lootusdt,4,4,1,0.0,1.175,0,1,0,0,1.0939,1.0915,1.1607,1.175,10001.092,1.1607,1.4817,1.175,1.4817,1.4817,False,False,0,0.0,1.0915,1.175,1.0918
VSYS,VSYS/USDT,vsysusdt,2,6,2,0.0,0.0,1,2,0,1,0.004817,0.00404,0.003419,0.0073,10000.00403,0.003419,0.0113,0.0111,0.0113,0.0113,False,False,1,0.0117,0.003419,0.004817,0.004395
GMEE,GMEE/USDT,gmeeusdt,4,4,2,0.0201,0.0575,0,1,1,1,0.0203,0.0172,0.0201,0.024,10000.0195,-9999.9775,0.0201,0.0232,0.049,0.049,False,False,0,0.024,0.0172,0.024,0.0192
DOSE,DOSE/USDT,doseusdt,4,4,1,0.0,0.1091,2,1,1,0,0.0375,0.0283,0.0225,0.0405,0.0405,0.0225,0.142,0.0405,0.142,0.142,False,True,0,0.0225,0.0283,0.0405,0.0354
MBOX,MBOX/USDT,mboxusdt,4,4,0,0.9868,2.4296,1,0,1,0,1.2894,0.9952,0.9868,1.0889,1.0889,-9998.9131,0.9868,1.0764,2.5451,2.5451,False,False,1,1.0889,0.9868,1.2894,1.0384
BETH,BETH/USDT,bethusdt,6,2,1,0.0,2720.0,1,2,1,0,2075.09,1742.07,1640.55,2720.0,11841.130000000001,1640.55,2786.92,2720.0,2786.92,2786.92,False,False,1,1640.55,1640.55,2075.09,1832.33
TOP,TOP/USDT,topusdt,4,6,1,0.0,0.000649,1,2,1,1,0.0006,0.000395,0.000345,0.000649,10000.00042,0.000345,0.000582,0.000649,0.000624,0.000624,False,False,1,0.000345,0.000345,0.0006,0.000441
WOO,WOO/USDT,woousdt,2,5,1,0.0,0.39147,1,2,1,1,0.20549,0.18135,0.17139,0.22301,0.22301,0.17139,0.17139,0.22301,0.45024,0.45024,True,True,1,0.14589,0.17139,0.20549,0.19167
ZKS,ZKS/USDT,zksusdt,4,4,2,0.0,0.0,1,2,0,0,0.0662,0.0461,0.044,0.1329,10000.0477,0.044,0.0928,0.0928,0.0928,0.0928,False,False,1,0.0,0.044,0.0662,0.0555
BREED,BREED/USDT,breedusdt,4,4,1,0.0,0.2076,0,1,0,1,0.1577,0.1038,0.16,0.2076,10000.1086,0.16,0.4131,0.2076,0.4131,0.4131,False,False,0,0.16,0.1038,0.2076,0.1064
LAMB,LAMB/USDT,lambusdt,4,6,1,0.003117,0.002647,1,2,1,1,0.00217,0.001895,0.001048,0.002647,10000.001226,0.001048,0.003117,0.002647,0.003819,0.003819,False,False,1,0.001048,0.001048,0.00217,0.001971
JST,JST/USDT,jstusdt,2,6,1,0.038874,0.043302,0,1,0,1,0.041472,0.037726,0.040172,0.043302,10000.039463,0.040172,0.040172,0.043302,0.069639,0.069639,False,False,0,0.046839,0.037726,0.043302,0.039168
COTI,COTI/USDT,cotiusdt,2,4,1,0.1863,0.1734,2,1,1,1,0.1148,0.1037,0.101,0.1156,0.1156,0.101,0.101,0.1156,0.2244,0.2244,True,True,0,0.0838,0.1037,0.1156,0.1075
VR,VR/USDT,vrusdt,4,4,2,0.0904,0.066,1,2,1,1,0.0622,0.053,0.053,0.09,0.09,0.053,0.053,0.09,0.1433,0.1433,True,True,1,0.0229,0.053,0.0622,0.0538
VALUE,VALUE/USDT,valueusdt,4,4,0,0.1001,0.2282,1,0,1,0,0.1912,0.1268,0.1001,0.1333,0.1333,-9999.8367,0.1001,0.1333,0.3304,0.3304,False,False,1,0.1,0.1001,0.1912,0.1726
HOTCROSS,HOTCROSS/USDT,hotcrossusdt,4,4,2,0.0,0.0,0,1,0,0,0.0733,0.0573,0.1536,0.1619,10000.0709,-9999.7726,0.2294,0.2294,0.2294,0.2294,False,False,0,0.0,0.0573,0.1619,0.0708
XCAD,XCAD/USDT,xcadusdt,4,4,0,2.0802,3.6976,1,0,1,0,3.1505,2.8533,2.0802,2.4167,2.4167,-9997.0433,2.0802,2.26,2.5477,2.5477,False,False,1,2.4167,2.0802,3.1505,3.0038
AURY,AURY/USDT,auryusdt,4,4,1,0.0,4.7104,0,1,0,0,4.0378,4.0194,4.6481,4.7104,10004.0378,4.6481,9.5188,4.7104,9.5188,9.5188,False,False,0,4.6481,4.0194,4.7104,4.0239
BHD,BHD/USDT,bhdusdt,4,4,2,0.0599,0.0681,2,0,1,1,0.0688,0.0541,0.055,0.0618,0.0615,-9999.9384,0.0599,0.0618,0.2232,0.2232,False,False,0,0.055,0.0541,0.0615,0.0669
CTX(C2X),CTX(C2X)/USDT,ctxc2xusdt,4,6,1,0.0,2.359999,1,2,1,0,1.198651,1.094675,1.032663,1.393879,1.393879,1.032663,1.032663,1.393879,3.668911,3.668911,True,True,1,0.37095,1.032663,1.198651,1.160557
EM,EM/USDT,emusdt,2,6,2,0.0,0.001446,1,0,1,0,0.0037,0.001313,0.001053,0.001446,10000.001105,-9999.997979,0.001068,0.001446,0.002271,0.002271,False,False,1,0.001053,0.001053,0.0037,0.002021
ACH,ACH/USDT,achusdt,4,6,1,0.0,0.021917,0,1,0,1,0.019739,0.013116,0.017625,0.021917,10000.016292,0.017625,0.033682,0.021917,0.033682,0.033682,False,False,0,0.017625,0.013116,0.021917,0.016146
MPL,MPL/USDT,mplusdt,4,4,2,23.3006,23.5617,0,0,1,0,27.012,22.7074,23.3006,23.4816,10025.35,-9975.8125,23.3006,23.4816,56.522,56.522,False,False,1,23.1431,23.3006,27.012,24.1875
ELU,ELU/USDT,eluusdt,4,6,2,0.0,0.0,0,0,0,0,0.24,0.05,0.093984,0.093984,10000.055396,-9999.905422,0.093984,0.093984,0.093984,0.093984,False,False,1,0.0,0.05,0.24,0.054259
NODE,NODE/USDT,nodeusdt,2,6,1,0.0,6.4e-05,0,1,0,0,4.5e-05,1.9e-05,4.3e-05,6.4e-05,10000.000033,4.3e-05,5.3e-05,6.4e-05,5.3e-05,5.3e-05,False,False,0,0.0,1.9e-05,6.4e-05,3.3e-05
ETH*3,ETH*3/USDT,eth3lusdt,4,4,1,0.0,2.0419,2,1,1,0,0.5504,0.4512,0.4393,0.5549,0.5549,0.4393,0.4393,0.5549,2.0417,2.0417,True,True,0,0.3931,0.4512,0.5549,0.4746
ZKP,ZKP/USDT,zkpusdt,4,4,0,0.0856,0.29,2,1,1,1,0.155,0.1536,0.0856,0.2102,0.2102,-9999.8366,0.0856,0.1061,0.2102,0.2102,False,False,0,0.2102,0.1536,0.2102,0.1536
GARI,GARI/USDT,gariusdt,2,6,1,0.590655,0.78901,0,1,0,1,0.671002,0.638371,0.727101,0.78901,10000.662419,0.727101,0.727101,0.78901,0.398582,0.398582,False,False,0,0.755342,0.638371,0.78901,0.655953
VEMP,VEMP/USDT,vempusdt,3,5,2,0.07132,0.0,2,1,0,1,0.04354,0.03461,0.02303,0.04355,0.04355,0.02303,0.07132,0.04355,0.11934,0.11934,False,True,0,0.08737,0.03461,0.04355,0.03673
NT,NT/USDT,ntusdt,4,6,1,0.0,0.0143,0,1,0,0,0.011195,0.007717,0.0105,0.0143,10000.0094,0.0105,0.0162,0.0143,0.0162,0.0162,False,False,0,0.0,0.007717,0.0143,0.0087
CMT,CMT/USDT,cmtusdt,4,6,0,0.002828,0.004539,1,0,1,0,0.004231,0.003294,0.002828,0.0035,0.0035,-9999.996486,0.002828,0.0035,0.004968,0.004968,False,False,1,0.002502,0.002828,0.004231,0.003685
RNDR,RNDR/USDT,rndrusdt,4,4,0,0.7994,1.6173,1,2,1,1,0.9459,0.8517,0.8178,1.1079,1.1079,0.8178,0.8178,0.8714,1.8956,1.8956,True,False,1,1.1079,0.8178,0.9459,0.8798
NCT,NCT/USDT,nctusdt,4,6,2,0.0,0.027894,1,0,1,0,0.045,0.023262,0.011986,0.027894,10000.013795,-9999.969078,0.033863,0.027894,0.033863,0.033863,False,False,1,0.011986,0.011986,0.045,0.031276
HEC,HEC/USDT,hecusdt,4,4,1,0.0,0.3437,0,1,0,1,0.3437,0.3,0.3181,0.3437,10000.3144,0.3181,0.3473,0.3437,0.9835,0.9835,False,False,0,0.3181,0.3,0.3425,0.314
ZEC*(-3),ZEC*(-3)/USDT,zec3susdt,4,10,1,9.84e-08,1.535e-07,0,1,0,1,1.285e-07,9.93e-08,1.163e-07,1.535e-07,10000.00000012,1.163e-07,1.567e-07,1.535e-07,1.614e-07,1.614e-07,False,False,0,1.163e-07,9.93e-08,1.417e-07,1.222e-07
LOVE,LOVE/USDT,loveusdt,2,8,0,0.005529,0.00557758,1,0,1,0,0.00596772,0.00588899,0.005529,0.005727,0.005727,-9999.99411088,0.005529,0.00557758,0.00540678,0.00540678,False,False,1,0.00425894,0.005529,0.00596772,0.0059368
DTA,DTA/USDT,dtausdt,4,8,1,0.0,6.124e-05,0,1,0,1,5e-05,2.344e-05,5.1e-05,6.124e-05,10000.00003568,5.264e-05,5.1e-05,6.124e-05,5.168e-05,5.168e-05,False,False,0,5.168e-05,2.344e-05,6.124e-05,3.568e-05
ENJ,ENJ/USDT,enjusdt,4,4,1,0.0,0.9048,1,2,1,1,0.7786,0.5757,0.4855,0.9048,10000.5927,0.4855,1.3832,0.9048,1.3832,1.3832,False,False,1,0.4855,0.4855,0.7786,0.6734
UMA,UMA/USDT,umausdt,4,4,0,2.6696,4.8491,1,0,1,0,4.1857,2.7923,2.6696,3.5215,3.5215,-9996.8443,2.6696,3.5215,6.0439,6.0439,False,False,1,2.1917,2.6696,4.1857,3.7373
GALFT,GALFT/USDT,galftusdt,6,4,1,2.941,3.0623,0,1,0,1,2.63,1.7567,2.8723,3.0623,10002.3277,2.8723,2.941,3.0623,3.1331,3.1331,False,False,0,4.0014,1.7567,3.0623,2.2755
EDEN,EDEN/USDT,edenusdt,4,4,1,0.2293,0.1543,0,1,0,1,0.1337,0.1162,0.136,0.1543,10000.1321,0.136,0.1427,0.1543,0.2794,0.2794,False,False,0,0.136,0.1162,0.1538,0.1271
FOX,FOX/USDT,foxusdt,4,4,1,0.2548,0.2733,0,1,1,0,0.2298,0.1452,0.233,0.2377,10000.1681,0.2548,0.2548,0.2733,0.3421,0.3421,False,False,0,0.233,0.1452,0.2377,0.165
XCN,XCN/USDT,xcnusdt,4,6,2,0.090869,0.088107,0,0,1,0,0.140285,0.073022,0.090869,0.105782,10000.090715,-9999.906114,0.090869,0.085398,0.112708,0.112708,False,False,1,0.105782,0.090869,0.140285,0.090419
OGN,OGN/USDT,ognusdt,2,4,1,0.0,0.333,2,1,1,0,0.2544,0.2276,0.2102,0.2707,0.2707,0.2102,0.2102,0.2707,0.6245,0.6245,True,True,0,0.1485,0.2276,0.2707,0.2356
ERTHA,ERTHA/USDT,erthausdt,2,6,2,0.0,0.02392,2,0,1,1,0.026394,0.013188,0.012646,0.020646,0.020646,-9999.979708,0.0502,0.020646,0.0502,0.0502,False,False,0,0.012646,0.013188,0.020646,0.018693
PERP,PERP/USDT,perpusdt,4,4,0,1.0417,2.4066,1,0,1,0,1.2703,1.0865,1.0417,1.1641,1.1641,-9998.9135,1.0417,1.1641,3.8156,3.8156,False,False,1,1.0251,1.0417,1.2703,1.171
LOOM,LOOM/USDT,loomusdt,2,6,1,0.04046,0.057536,0,1,0,1,0.052724,0.046807,0.048612,0.057536,10000.050587,0.048612,0.048612,0.057536,0.080291,0.080291,False,False,0,0.056163,0.046807,0.057536,0.049369
SC,SC/USDT,scusdt,2,6,1,0.004535,0.005699,2,1,1,1,0.005361,0.004821,0.004693,0.005396,0.005396,0.004693,0.005032,0.005396,0.009858,0.009858,False,True,0,0.004693,0.004821,0.005396,0.004982
DAC,DAC/USDT,dacusdt,2,6,2,0.000128,0.0,0,1,0,0,0.000106,4.8e-05,0.000111,0.000145,10000.000073,-9999.999857,0.000128,0.000132,0.000125,0.000125,False,False,0,0.000141,4.8e-05,0.000145,7.3e-05
LPT,LPT/USDT,lptusdt,4,4,1,22.9748,19.4935,1,2,1,1,16.9308,14.0576,13.2153,16.5103,16.5103,13.2153,13.2153,16.5103,21.902,21.902,True,True,1,11.627,13.2153,16.9308,14.9701
TT,TT/USDT,ttusdt,2,6,0,0.005454,0.007177,2,1,1,1,0.006203,0.005624,0.005454,0.007462,0.007462,-9999.993556,0.005454,0.006144,0.011288,0.011288,False,False,0,0.007462,0.005624,0.007462,0.005952
SD,SD/USDT,sdusdt,4,4,2,0.0,4.9649,2,0,1,1,1.4586,1.0109,0.8449,1.295,1.295,-9998.8226,4.6586,1.295,4.6586,4.6586,False,False,0,0.8449,1.0109,1.295,1.1619
API3,API3/USDT,api3usdt,4,4,0,1.6699,3.6888,1,2,1,1,1.9656,1.698,1.5972,1.9972,1.9972,1.5972,1.5972,1.9381,4.0787,4.0787,True,False,1,1.9972,1.5972,1.9656,1.8123
SKL,SKL/USDT,sklusdt,4,6,1,0.156724,0.094431,2,1,1,1,0.085775,0.075164,0.074761,0.086587,0.086587,0.074761,0.080356,0.086587,0.176764,0.176764,False,True,0,0.074761,0.075164,0.086587,0.07742
WNXM,WNXM/USDT,wnxmusdt,4,4,1,27.7417,22.2315,0,1,0,1,17.9287,15.2802,16.6224,22.2315,10017.4503,16.6224,27.7417,22.2315,27.1055,27.1055,False,False,0,31.3519,15.2802,22.2315,16.6819
BADGER,BADGER/USDT,badgerusdt,4,4,0,4.3928,4.4372,1,0,1,0,6.3614,4.4567,4.3928,4.6042,4.6042,-9994.4896,4.3928,4.4372,8.5995,8.5995,False,False,1,4.1567,4.3928,6.3614,5.6237
KCASH,KCASH/USDT,kcashusdt,2,6,1,0.0,0.002143,1,2,1,0,0.001601,0.00103,0.000764,0.002143,10000.000877,0.000764,0.002104,0.002143,0.002104,0.002104,False,False,1,0.000764,0.000764,0.001601,0.001247
SWFTC,SWFTC/USDT,swftcusdt,2,6,0,0.00092,0.00155,2,1,1,1,0.001234,0.001146,0.00092,0.001462,0.001462,-9999.998799,0.00092,0.00109,0.002482,0.002482,False,False,0,0.001462,0.001146,0.001462,0.001149
ABBC,ABBC/USDT,abbcusdt,4,4,2,0.0,0.0802,1,2,1,0,0.0924,0.084,0.0778,0.0941,0.0941,0.0778,0.0778,0.0802,0.1101,0.1101,True,False,1,0.0673,0.0778,0.0924,0.09
ZIL,ZIL/USDT,zilusdt,4,6,1,0.0,0.077122,1,2,1,1,0.056813,0.044373,0.040036,0.077122,10000.046299,0.040036,0.071121,0.077122,0.102888,0.102888,False,False,1,0.040036,0.040036,0.056813,0.050381
NAS,NAS/USDT,nasusdt,4,4,0,0.0854,0.1612,1,0,1,0,0.1186,0.0854,0.0854,0.1029,0.1029,-9999.9146,0.0854,0.0845,0.1981,0.1981,False,False,1,0.1029,0.0854,0.1186,0.0941
USDD,USDD/USDT,usddusdt,4,4,2,0.0,0.0,0,0,0,0,1.0705,0.9821,1.0001,1.0001,10001.0024,-9998.9989,1.0001,1.0001,1.0001,1.0001,False,False,1,0.0,0.9821,1.0705,1.0015
IDEX,IDEX/USDT,idexusdt,4,4,0,0.0468,0.0509,1,0,1,0,0.1482,0.0693,0.0468,0.054,0.054,-9999.8998,0.0468,0.0509,0.1407,0.1407,False,False,1,0.0436,0.0468,0.1482,0.1041
DFA,DFA/USDT,dfausdt,4,4,1,0.0,0.6501,1,2,1,1,0.2895,0.1982,0.1501,0.6501,10000.1623,0.1501,0.8294,0.6501,0.8294,0.8294,False,False,1,0.1501,0.1501,0.2895,0.2439
WALLET,WALLET/USDT,walletusdt,4,6,2,0.0,0.0,0,1,0,0,0.042793,0.042292,0.063283,0.070164,10000.04239,-9999.932539,0.063628,0.063628,0.063628,0.063628,False,False,0,0.0,0.042292,0.070164,0.04239
FORTH,FORTH/USDT,forthusdt,4,4,2,4.2416,0.0,2,1,0,1,4.91,3.237,1.9769,4.9586,4.9586,1.9769,4.2416,4.9586,5.7762,5.7762,False,True,0,4.7792,3.237,4.9586,3.3863
RLC,RLC/USDT,rlcusdt,4,4,1,1.4543,1.2914,2,1,1,1,0.9456,0.7826,0.6246,0.9443,0.9443,0.6246,1.5063,0.9443,1.8655,1.8655,False,True,0,0.6246,0.7826,0.9443,0.8894
ELON,ELON/USDT,elonusdt,2,9,2,0.0,0.0,1,2,0,0,6.1e-07,4.44e-07,3.5e-07,1.264e-06,10000.000000473,3.5e-07,7.44e-07,7.44e-07,7.44e-07,7.44e-07,False,False,1,0.0,3.5e-07,6.1e-07,4.86e-07
REN,REN/USDT,renusdt,2,6,2,0.152966,0.24305,1,2,1,1,0.14401,0.138651,0.135144,0.152666,0.152666,0.135144,0.135144,0.152666,0.313823,0.313823,True,True,1,0.172766,0.135144,0.14401,0.142905
BTC*(-1),BTC*(-1)/USDT,btc1susdt,4,4,2,0.7882,0.823,0,1,1,1,0.8179,0.7642,0.7882,0.8154,10000.7753,-9999.193,0.7882,0.7902,0.6413,0.6413,False,False,0,0.8154,0.7642,0.8154,0.7991
ARKN,ARKN/USDT,arknusdt,4,6,1,0.0,0.028905,0,1,0,1,0.0331,0.008787,0.024305,0.028905,10000.013907,0.024305,0.033402,0.028905,0.033402,0.033402,False,False,0,0.03781,0.008787,0.028905,0.012997
AXS,AXS/USDT,axsusdt,4,4,1,0.0,35.2763,0,1,0,1,26.0,17.1522,26.5357,35.2763,10021.0404,26.5357,43.6725,35.2763,43.6725,43.6725,False,False,0,26.5357,17.1522,35.2763,20.644
PLATO,PLATO/USDT,platousdt,4,6,2,0.0,0.0,2,1,0,0,0.008459,0.006251,0.0055,0.010133,0.010133,0.0055,0.0055,0.010133,0.041981,0.041981,True,True,0,0.0,0.006251,0.010133,0.006706
XPRT,XPRT/USDT,xprtusdt,4,4,0,1.2618,2.2175,1,0,1,0,1.8451,1.6447,1.2618,1.6794,1.6794,-9998.3262,1.2618,1.6794,2.8562,2.8562,False,False,1,1.1231,1.2618,1.8451,1.7027
LTC*3,LTC*3/USDT,ltc3lusdt,4,6,0,0.003144,0.017479,2,1,1,1,0.004198,0.003303,0.003226,0.004217,0.004217,0.003226,0.003226,0.004217,0.021208,0.021208,True,True,0,0.004566,0.003303,0.004217,0.003566
WNDR,WNDR/USDT,wndrusdt,4,6,2,0.0,0.0,2,1,0,0,0.0399,0.030382,0.027858,0.043707,0.043707,0.027858,0.156094,0.043707,0.156094,0.156094,False,True,0,0.0,0.030382,0.043707,0.03793
BORING,BORING/USDT,boringusdt,2,6,2,0.0,0.027677,1,2,1,0,0.0304,0.020578,0.016902,0.0391,10000.021537,0.016902,0.034813,0.027677,0.034813,0.034813,False,False,1,0.023624,0.016902,0.0304,0.021251
STORJ,STORJ/USDT,storjusdt,4,4,0,0.5226,0.9653,2,1,1,1,0.5782,0.4948,0.5226,0.6364,0.6364,-9999.4346,0.5226,0.5984,1.0205,1.0205,False,False,0,0.6364,0.4948,0.6364,0.5289
KAI,KAI/USDT,kaiusdt,4,6,0,0.013435,0.022681,1,0,1,0,0.016883,0.014775,0.013435,0.016624,0.016624,-9999.985225,0.013435,0.015933,0.031533,0.031533,False,False,1,0.016624,0.013435,0.016883,0.016883
CELO,CELO/USDT,celousdt,4,4,1,0.0,1.6059,2,1,1,1,1.3759,1.2497,1.2,1.4008,1.4008,1.2,1.4052,1.4008,2.9081,2.9081,False,True,0,1.2,1.2497,1.4008,1.273
ABT,ABT/USDT,abtusdt,2,4,0,0.0683,0.121,1,0,1,0,0.0935,0.0778,0.0683,0.0859,0.0859,-9999.91,0.0683,0.0859,0.1435,0.1435,False,False,1,0.065,0.0683,0.0935,0.09
STAKE,STAKE/USDT,stakeusdt,4,4,2,10.1513,9.2232,2,1,1,1,6.7634,6.5827,6.5293,6.9814,6.9814,-9992.4461,6.5293,7.6446,10.7817,10.7817,True,False,0,6.594,6.5827,6.9814,6.7378
AAC,AAC/USDT,aacusdt,2,6,1,0.0,0.000999,0,1,0,0,0.000569,0.000424,0.000642,0.000999,10000.000492,0.000642,0.002595,0.000999,0.002595,0.002595,False,False,0,0.0,0.000424,0.000999,0.000452
OPUL,OPUL/USDT,opulusdt,4,4,1,0.3346,0.2009,0,1,0,0,0.1937,0.1748,0.1895,0.2009,10000.1889,0.1895,0.1895,0.2009,0.4994,0.4994,False,False,0,0.1764,0.1748,0.2009,0.1848
AR,AR/USDT,arusdt,2,4,1,12.942,16.1249,1,2,1,1,15.9088,14.0341,13.617,16.1249,10014.8807,13.617,15.2625,16.1249,28.5022,28.5022,False,False,1,13.617,13.617,15.9088,14.3511
LUNA,LUNA/USDT,lunausdt,2,8,2,82.7856,97.5213,0,1,1,1,0.01588,2.4e-05,82.7856,88.3732,10000.00011435,-9917.2144,82.7856,87.3931,80.0255,80.0255,False,False,0,88.3732,2.4e-05,88.3732,0.00010993
RAIN,RAIN/USDT,rainusdt,4,4,1,0.0,0.2617,1,2,1,1,0.165,0.1254,0.127,0.2617,10000.1501,0.127,0.3407,0.2617,0.3407,0.3407,False,False,1,0.127,0.127,0.165,0.1358
STORE,STORE/USDT,storeusdt,4,6,1,0.079,0.2,2,1,1,1,0.13826,0.11754,0.063378,0.1786,0.1786,0.063378,0.0792,0.1786,0.047666,0.047666,False,True,0,0.063378,0.11754,0.1786,0.126572
LINA,LINA/USDT,linausdt,4,6,0,0.008082,0.026984,2,1,1,1,0.009025,0.00851,0.00792,0.0101,0.0101,0.00792,0.00792,0.0101,0.019737,0.019737,True,True,0,0.009859,0.00851,0.0101,0.00875
LTC,LTC/USDT,ltcusdt,4,2,0,64.96,104.45,1,2,1,1,73.4,66.81,64.64,74.35,74.35,64.64,64.64,71.79,106.19,106.19,True,False,1,74.35,64.64,73.4,69.09
POLS,POLS/USDT,polsusdt,4,4,2,0.6047,0.9275,2,1,1,1,0.666,0.604,0.5989,0.7048,0.7048,-9999.3221,0.6047,0.6645,1.4028,1.4028,False,False,0,0.68,0.604,0.7048,0.6229
IRIS,IRIS/USDT,irisusdt,2,6,0,0.020187,0.034233,1,0,1,0,0.027054,0.022794,0.020187,0.024274,0.024274,-9999.976146,0.020187,0.024274,0.054705,0.054705,False,False,1,0.035303,0.020187,0.027054,0.023589
DODO,DODO/USDT,dodousdt,4,4,1,0.0,0.1523,0,1,0,0,0.1475,0.1322,0.135,0.1523,10000.1389,0.135,0.1489,0.1523,0.4049,0.4049,False,False,0,0.135,0.1322,0.1523,0.136
HT,HT/USDT,htusdt,4,4,1,0.0,9.3149,0,1,0,2,7.3923,6.0,8.8699,9.3149,10007.0157,8.8699,9.298,9.3149,9.2883,9.2883,False,False,0,8.8699,6.0,9.3149,6.9999
YAM,YAM/USDT,yamusdt,4,4,2,0.1797,0.1205,1,0,1,0,0.2637,0.1256,0.103,0.1205,10000.1055,-9999.7998,0.1172,0.1205,0.2074,0.2074,False,False,1,0.103,0.103,0.2637,0.2002
WAXP,WAXP/USDT,waxpusdt,2,6,1,0.265664,0.135828,1,2,1,0,0.128979,0.117281,0.111014,0.135828,10000.120257,0.111014,0.120788,0.135828,0.255617,0.255617,False,False,1,0.111014,0.111014,0.128979,0.122562
ROCO,ROCO/USDT,rocousdt,4,4,1,0.095,0.1222,0,1,0,1,0.1109,0.0995,0.1012,0.1222,10000.1109,0.1012,0.1012,0.1222,0.3679,0.3679,False,False,0,0.1339,0.0995,0.1194,0.1023
LRC,LRC/USDT,lrcusdt,4,4,1,0.0,0.8557,2,1,1,1,0.5072,0.4607,0.443,0.5093,0.5093,0.443,0.443,0.5093,0.8428,0.8428,True,True,0,0.3273,0.4607,0.5093,0.4841
QTUM,QTUM/USDT,qtumusdt,4,4,1,3.6623,4.3906,2,1,1,1,4.0202,3.7283,3.6767,4.0737,4.0737,3.6767,3.8675,4.0737,6.2922,6.2922,False,True,0,3.6767,3.7283,4.0737,3.8677
INV,INV/USDT,invusdt,6,2,2,0.0,93.28,1,0,1,0,142.13,105.71,81.82,93.28,10090.84,-9889.32,88.02,93.28,259.4,259.4,False,False,1,81.82,81.82,142.13,111.83
UNFI,UNFI/USDT,unfiusdt,4,4,1,0.0,4.6375,1,2,1,1,2.5999,1.7261,1.3254,4.6375,10001.6733,1.3254,4.1856,4.6375,4.6888,4.6888,False,False,1,1.3254,1.3254,2.5999,2.2006
AST,AST/USDT,astusdt,4,4,0,0.0733,0.1414,1,0,1,0,0.1161,0.0745,0.0733,0.0865,0.0865,-9999.9134,0.0733,0.0865,0.1389,0.1389,False,False,1,0.1313,0.0733,0.1161,0.0868
BTC,BTC/USDT,btcusdt,6,2,2,37518.57,40367.6,0,1,1,1,32646.55,26656.52,37518.57,40029.86,39480.380000000005,29411.71,37518.57,38672.65,39002.33,39002.33,False,False,0,40029.86,26656.52,40029.86,29286.76
UNB,UNB/USDT,unbusdt,4,6,0,0.001411,0.0053,1,0,1,0,0.0034,0.001673,0.001411,0.00275,0.00275,-9999.997264,0.001411,0.00275,0.005556,0.005556,False,False,1,0.001292,0.001411,0.0034,0.0024
CVP,CVP/USDT,cvpusdt,4,4,0,0.2706,0.7498,1,0,1,0,0.5105,0.2936,0.2706,0.3431,0.3431,-9999.654,0.2706,0.3431,0.7391,0.7391,False,False,1,0.2221,0.2706,0.5105,0.3286
SUSHI,SUSHI/USDT,sushiusdt,4,4,0,1.2261,1.5114,2,1,1,1,1.3867,1.256,1.2055,1.3928,1.3928,1.2055,1.2055,1.3928,3.1144,3.1144,True,True,0,1.4943,1.256,1.3928,1.3396
RVN,RVN/USDT,rvnusdt,2,6,1,0.0,0.032237,2,1,1,1,0.030913,0.028082,0.02766,0.031371,0.031371,0.02766,0.028918,0.031371,0.051865,0.051865,False,True,0,0.02766,0.028082,0.031371,0.029344
NANO,NANO/USDT,nanousdt,4,4,1,1.6763,1.5135,1,2,1,1,1.3298,1.0155,0.8334,1.5135,10001.0122,0.8334,1.6763,1.5135,2.0282,2.0282,False,False,1,0.8334,0.8334,1.3298,1.1012
AE,AE/USDT,aeusdt,2,4,1,0.1012,0.1016,0,1,0,1,0.0952,0.0761,0.0919,0.1016,10000.0863,0.0919,0.1012,0.1016,0.1128,0.1128,False,False,0,0.1193,0.0761,0.1016,0.085
LOOKS,LOOKS/USDT,looksusdt,4,4,2,1.3896,1.8201,0,1,1,1,0.5295,0.4681,1.5,1.8822,10000.5295,-9998.1985,1.5478,1.8201,1.3939,1.3939,False,False,0,1.5,0.4681,1.8822,0.4743
BTS,BTS/USDT,btsusdt,2,4,1,0.0,0.017,0,1,0,1,0.0158,0.0103,0.0142,0.017,10000.0122,0.0142,0.0205,0.017,0.0205,0.0205,False,False,0,0.0142,0.0103,0.017,0.0121
MDX,MDX/USDT,mdxusdt,2,4,0,0.0845,0.186,1,0,1,0,0.1171,0.0916,0.0845,0.0988,0.0988,-9999.9014,0.0845,0.0988,0.2107,0.2107,False,False,1,0.0821,0.0845,0.1171,0.0959
BNT,BNT/USDT,bntusdt,2,4,1,0.0,1.8554,1,2,1,1,1.4126,1.3287,1.3199,1.5426,1.5426,1.3199,1.3199,1.5426,2.1744,2.1744,True,True,1,1.252,1.3199,1.4126,1.3465
XTZ,XTZ/USDT,xtzusdt,4,4,1,0.0,2.8795,1,2,1,2,1.9356,1.6115,1.4498,2.8795,10001.6946,1.4498,3.014,2.8795,3.014,3.014,False,False,1,1.4498,1.4498,1.9356,1.7876
EOS*3,EOS*3/USDT,eos3lusdt,4,10,1,0.0,9.13e-06,2,1,1,1,7.9106e-06,6.4809e-06,6.17e-06,8.07e-06,8.07e-06,6.17e-06,7.2e-06,8.07e-06,7.603e-05,7.603e-05,False,True,0,6.17e-06,6.4809e-06,8.07e-06,7.0704e-06
IOI,IOI/USDT,ioiusdt,4,4,2,0.0,0.6752,1,2,1,1,0.71,0.429,0.429,0.7098,0.7098,0.4785,0.429,0.7098,0.6387,0.6387,True,True,1,0.5276,0.4785,0.71,0.5242
FIL*(-3),FIL*(-3)/USDT,fil3susdt,4,8,0,5.128e-05,1.603e-05,1,2,1,1,8.375e-05,6.682e-05,6.562e-05,9.542e-05,9.542e-05,6.562e-05,6.562e-05,8.208e-05,1.305e-05,1.305e-05,True,False,1,9.542e-05,6.562e-05,8.375e-05,7.263e-05
GLMR,GLMR/USDT,glmrusdt,4,4,2,0.0,2.6387,0,1,0,1,1.5598,1.051,2.4856,2.9096,10001.1618,-9997.2242,2.4856,2.6387,3.7907,3.7907,False,False,0,2.3066,1.051,2.9096,1.1167
MOVR,MOVR/USDT,movrusdt,4,4,0,20.5001,45.9213,1,2,1,1,23.2401,21.938,21.4548,24.2999,24.2999,21.4548,21.4548,24.2999,53.8495,53.8495,True,True,1,28.754,21.4548,23.2401,22.8413
CRE,CRE/USDT,creusdt,2,6,1,0.006737,0.006654,0,2,0,1,0.005806,0.004956,0.00531,0.006654,10000.005181,0.00531,0.00531,0.006654,0.008248,0.008248,False,False,1,0.003235,0.00531,0.005806,0.005181
USDT,USDT/UAH,usdtuah,1,2,0,0.0,0.0,0,0,0,0,37.6,33.0,34.06,34.06,34.06,-9964.44,34.06,34.06,34.06,34.06,False,False,0,0.0,33.0,36.69,36.04
BTM,BTM/USDT,btmusdt,2,6,2,0.0,0.0,1,2,0,1,0.0101,0.008879,0.008765,0.010399,0.010399,0.008765,0.008765,0.010399,0.0224,0.0224,True,True,1,0.0239,0.008765,0.0101,0.00976
CTXC,CTXC/USDT,ctxcusdt,4,4,0,0.0989,0.1945,1,0,1,0,0.1648,0.1105,0.0989,0.1156,0.1156,-9999.8724,0.0989,0.1156,0.2457,0.2457,False,False,1,0.0778,0.0989,0.1648,0.1283
BCH,BCH/USDT,bchusdt,4,2,1,0.0,244.37,1,2,1,1,237.09,180.67,156.91,244.37,10184.97,156.91,315.2,244.37,315.2,315.2,False,False,1,156.91,156.91,237.09,191.13
DF,DF/USDT,dfusdt,2,4,0,0.0236,0.0463,1,0,1,0,0.063,0.0263,0.0236,0.0436,0.0436,-9999.9598,0.0236,0.0436,0.0728,0.0728,False,False,1,0.0206,0.0236,0.063,0.038
BSV*3,BSV*3/USDT,bsv3lusdt,4,10,1,1.859e-05,5.1626e-06,0,1,0,1,4.8e-06,3.505e-06,4.12e-06,5.1626e-06,10000.0000038285,4.12e-06,4.84e-06,5.1626e-06,2.393e-05,2.393e-05,False,False,0,4.63e-06,3.505e-06,5.1626e-06,3.8285e-06
INJ,INJ/USDT,injusdt,4,4,1,5.1171,3.5907,1,2,1,0,2.7416,2.1342,1.5375,3.5907,10001.8238,1.5375,3.6761,3.5907,4.9627,4.9627,False,False,1,1.5375,1.5375,2.7416,2.2229
FTI,FTI/USDT,ftiusdt,2,8,2,0.0,7.387e-05,1,2,1,1,6.098e-05,5.296e-05,4.923e-05,8.769e-05,10000.00005812,4.923e-05,6.237e-05,7.387e-05,6.352e-05,6.352e-05,False,False,1,6.2e-05,4.923e-05,6.098e-05,5.557e-05
WEMIX,WEMIX/USDT,wemixusdt,4,4,0,1.968,2.1882,1,0,1,0,3.9486,2.1259,1.968,2.2599,2.2599,-9997.4629,1.968,2.2599,3.7015,3.7015,False,False,1,2.3338,1.968,3.9486,2.7003
CRU,CRU/USDT,cruusdt,4,4,1,0.0,1.5596,1,2,1,1,1.257,0.9271,0.75,1.5596,10000.9786,0.75,2.708,1.5596,2.708,2.708,False,False,1,0.75,0.75,1.257,1.2011
XCH,XCH/USDT,xchusdt,4,4,2,0.0,0.0,0,1,0,1,45.3179,33.7129,61.8405,68.873,10036.8427,-9938.0284,61.8405,61.8405,61.8405,61.8405,False,False,0,68.873,33.7129,68.873,36.2587
PAX,PAX/USDT,paxusdt,4,4,0,0.9995,0.0,2,1,0,1,1.0032,1.0002,1.0007,1.0024,1.0024,1.0007,1.0007,1.0024,0.9998,0.9998,True,True,0,1.094,1.0002,1.0024,1.0014
RETH,RETH/USDT,rethusdt,4,6,0,0.0,0.0,0,0,0,0,0.240018,0.020001,0.034224,0.034224,0.034224,-9999.954889,0.034224,0.034224,0.034224,0.034224,False,False,0,0.0,0.020001,0.069,0.045948
KLAY,KLAY/USDT,klayusdt,4,4,2,0.0,0.0,0,0,0,0,0.4694,0.343,0.4365,0.4365,10000.4323,-9999.5652,0.4365,0.4365,0.4365,0.4365,False,False,1,0.0,0.343,0.4694,0.4365
LINK,LINK/USDT,linkusdt,2,4,1,6.6297,7.9708,2,1,1,1,7.3031,6.7485,6.6499,7.3651,7.3651,6.6499,7.1643,7.3651,13.3236,13.3236,False,True,0,6.6499,6.7485,7.3651,6.9817
INSUR,INSUR/USDT,insurusdt,4,4,1,0.0,0.4992,2,1,1,1,0.366,0.3001,0.1786,0.4085,0.4085,0.1786,0.54,0.4085,0.6109,0.6109,False,True,0,0.1786,0.3001,0.4085,0.3334
APE,APE/USDT,apeusdt,4,4,1,0.0,17.6456,1,2,1,1,9.7995,6.1984,5.0786,17.6456,10006.8691,5.0786,11.1578,17.6456,11.1578,11.1578,False,False,1,5.0786,5.0786,9.7995,7.7761
GLM,GLM/USDT,glmusdt,4,4,2,0.2467,0.2984,2,1,1,1,0.2596,0.2441,0.2333,0.269,0.269,0.2333,0.2467,0.269,0.4023,0.4023,False,True,0,0.3554,0.2441,0.269,0.2489
LINK*3,LINK*3/USDT,link3lusdt,4,10,1,0.0,6.1e-05,1,2,1,1,1.1e-05,5.8864e-06,4e-06,6.1e-05,10000.000006,4e-06,8.5e-05,6.1e-05,8.5e-05,8.5e-05,False,False,1,4e-06,4e-06,1.1e-05,6.6591e-06
PYR,PYR/USDT,pyrusdt,4,4,2,4.5571,7.2827,2,1,1,1,4.8506,4.181,4.2425,5.0016,5.0016,4.2425,4.5571,5.0016,11.2694,11.2694,False,True,0,5.4908,4.181,5.0016,4.4489
FOR,FOR/USDT,forusdt,2,6,0,0.017022,0.015488,1,0,1,0,0.024579,0.017022,0.017022,0.020381,0.020381,-9999.979926,0.017022,0.015488,0.038447,0.038447,False,False,1,0.013839,0.017533,0.024579,0.018995
DAI,DAI/USDT,daiusdt,2,4,2,0.0,0.0,1,0,0,0,1.2,0.9941,0.9892,0.9996,10001.0,-9998.9993,0.9996,0.9996,0.9996,0.9996,False,False,1,0.0,0.9892,1.2,1.0018
PUSH,PUSH/USDT,pushusdt,4,4,2,0.0,0.5173,1,2,1,1,0.5329,0.5083,0.5083,0.5482,0.5482,0.5086,0.5083,0.5173,1.246,1.246,True,False,1,0.5014,0.5086,0.5329,0.526
BOBA,BOBA/USDT,bobausdt,4,4,1,0.0,0.7032,1,2,1,2,0.5648,0.4145,0.3567,0.7032,10000.4262,0.3567,1.3006,0.7032,1.3006,1.3006,False,False,1,0.3567,0.3567,0.5648,0.46
LXT,LXT/USDT,lxtusdt,2,6,2,0.0,0.0,1,2,0,1,0.00044,0.000229,0.000199,0.000722,10000.000286,0.000199,0.000494,0.000494,0.000494,0.000494,False,False,1,0.000722,0.000199,0.00044,0.000256
BRWL,BRWL/USDT,brwlusdt,4,6,1,0.0,0.1012,1,2,1,0,0.062,0.01092,0.0065,0.1012,10000.0082,0.0065,0.1241,0.1012,0.1968,0.1968,False,False,1,0.0065,0.0065,0.062,0.018068
XRP,XRP/USDT,xrpusdt,2,5,2,0.59605,0.62908,0,1,1,1,0.50356,0.33644,0.59605,0.6575,10000.41445,-9999.36548,0.59605,0.63135,0.7393,0.7393,False,False,0,0.6575,0.33644,0.6575,0.41082
THETA,THETA/USDT,thetausdt,4,4,1,0.0,2.6412,1,2,1,2,1.6532,1.1535,1.028,2.6412,10001.2406,1.028,3.1753,2.6412,2.8424,2.8424,False,False,1,1.028,1.028,1.6532,1.2193
ONSTON,ONSTON/USDT,onstonusdt,4,6,1,0.0,0.0787,1,2,1,0,0.056316,0.039809,0.035835,0.0787,10000.041312,0.035835,0.096942,0.0787,0.109717,0.109717,False,False,1,0.035835,0.035835,0.056316,0.044344
SIS,SIS/USDT,sisusdt,4,4,1,0.0,0.3511,2,1,1,1,0.2868,0.2515,0.2501,0.4422,0.4422,0.2501,1.0702,0.4422,1.1807,1.1807,False,True,0,0.2501,0.2515,0.4422,0.2804
VLX,VLX/USDT,vlxusdt,4,6,2,0.0,0.0,0,0,0,0,0.120526,0.07,0.091527,0.091527,10000.073595,-9999.911999,0.091527,0.091527,0.091527,0.091527,False,False,1,0.0,0.07,0.120526,0.07171
CERE,CERE/USDT,cereusdt,4,6,1,0.0,0.018434,0,1,0,1,0.013939,0.007939,0.016547,0.018434,10000.009899,0.016547,0.02237,0.018434,0.02237,0.02237,False,False,0,0.023395,0.007939,0.018434,0.00978
STF,STF/USDT,stfusdt,4,4,2,0.0,0.0,1,2,0,0,0.015,0.0064,0.0076,0.0506,10000.0113,0.0076,0.0502,0.0502,0.0502,0.0502,False,False,1,0.0,0.0076,0.015,0.0108
USDT,USDT/TRY,usdttry,4,3,2,0.0,0.0,1,0,0,0,16.366,15.632,13.0,14.404,10014.769,-9984.368,14.404,14.404,14.404,14.404,False,False,1,0.0,13.0,16.366,16.072
PSTAKE,PSTAKE/USDT,pstakeusdt,4,4,2,0.0,0.523,1,2,1,0,0.629,0.2195,0.2,0.7894,10000.2375,0.2,0.5709,0.523,0.7439,0.7439,False,False,1,0.3939,0.2,0.629,0.3885
ARV,ARV/USDT,arvusdt,2,8,2,0.00025131,0.00031619,1,2,1,1,0.00023119,0.00018142,0.00016543,0.00022012,0.00022012,0.00016543,0.00016543,0.00022012,0.00030806,0.00030806,True,True,1,0.00039987,0.00016543,0.00023119,0.00018889
SCREAM,SCREAM/USDT,screamusdt,4,4,1,9.2724,7.0928,0,1,0,1,15.2,2.9002,5.7969,7.0928,10003.9381,5.7969,5.7969,7.0928,17.5676,17.5676,False,False,0,10.5605,2.9002,7.0928,3.8814
FRONT,FRONT/USDT,frontusdt,4,6,2,0.393582,0.508461,1,2,1,0,0.321418,0.175421,0.13545,0.306564,10000.157704,0.13545,0.393582,0.4179,0.477455,0.477455,False,False,1,0.529084,0.13545,0.321418,0.263888
AGLD,AGLD/USDT,agldusdt,4,4,1,0.0,1.0451,2,1,1,0,0.6031,0.4846,0.3619,0.6582,0.6582,0.3619,0.9554,0.6582,1.1501,1.1501,False,True,0,0.3619,0.4846,0.6582,0.5395
CHZ,CHZ/USDT,chzusdt,4,6,0,0.110915,0.154795,1,0,1,0,0.1415,0.109728,0.110915,0.125928,0.125928,-9999.878094,0.110915,0.124074,0.214874,0.214874,False,False,1,0.125928,0.110915,0.1415,0.118809
REQ,REQ/USDT,requsdt,1,4,1,0.0,0.1942,1,2,1,1,0.1222,0.0976,0.0905,0.1942,10000.1004,0.0905,0.2129,0.1942,0.2121,0.2121,False,False,1,0.0905,0.0905,0.1222,0.1109
VIDY,VIDY/USDT,vidyusdt,2,6,0,0.00013,0.0,1,0,0,0,0.000222,0.000158,0.00013,0.000166,0.000166,-9999.999804,0.00013,0.000166,0.000121,0.000121,False,False,1,0.0003,0.00013,0.000222,0.000197
LAT,LAT/USDT,latusdt,2,4,2,0.0,0.0,0,1,0,0,0.0253,0.0136,0.0452,0.0525,10000.0168,-9999.9507,0.0452,0.0452,0.0452,0.0452,False,False,0,0.0,0.0136,0.0525,0.0168
POKT,POKT/USDT,poktusdt,2,6,1,0.0,0.28858,1,2,1,0,0.268553,0.205251,0.201009,0.28858,10000.217299,0.201009,0.299999,0.28858,0.704235,0.704235,False,False,1,0.201009,0.201009,0.268553,0.218251
CAW,CAW/USDT,cawusdt,2,12,2,0.0,0.0,2,1,0,0,7.7288e-08,5.5005e-08,2.8001e-08,7.7799e-08,7.7799e-08,2.8001e-08,1.14702e-07,7.7799e-08,1.14702e-07,1.14702e-07,False,True,0,0.0,5.5005e-08,7.7799e-08,6.0676e-08
SPELL,SPELL/USDT,spellusdt,4,6,1,0.0,0.00264,0,1,0,1,0.001819,0.000979,0.002114,0.00264,10000.001523,0.002114,0.003873,0.00264,0.003873,0.003873,False,False,0,0.002114,0.000979,0.00264,0.001443
USDC,USDC/USDT,usdcusdt,4,4,2,0.0,0.0,0,1,0,0,1.0027,1.0002,0.9997,1.15,10001.0003,-9998.9908,0.9997,0.9997,0.9997,0.9997,False,False,0,0.0,1.0002,1.15,1.0013
UIP,UIP/USDT,uipusdt,2,6,2,0.0,0.000401,0,0,0,0,0.00051,0.000259,0.00029,0.000401,10000.000305,-9999.999644,0.000441,0.000401,0.000542,0.000542,False,False,0,0.000421,0.000259,0.000401,0.00034
SPELLFIRE,SPELLFIRE/USDT,spellfireusdt,4,6,1,0.0,0.014998,1,2,1,1,0.0125,0.00542,0.004523,0.014998,10000.006313,0.004523,0.011497,0.014998,0.011497,0.011497,False,False,1,0.004523,0.004523,0.0125,0.006519
RLY,RLY/USDT,rlyusdt,2,4,1,0.141,0.0757,1,2,1,1,0.0699,0.0651,0.0655,0.0757,10000.0668,0.0655,0.0705,0.0757,0.1594,0.1594,False,False,1,0.0655,0.0655,0.0699,0.0663
ORB,ORB/USDT,orbusdt,4,6,1,0.0,0.183717,2,1,1,0,0.108439,0.093283,0.089052,0.102584,0.102584,0.089052,0.089052,0.102584,0.325778,0.325778,True,True,0,0.066117,0.093283,0.102584,0.097731
CEL,CEL/USDT,celusdt,4,4,2,0.0,0.0,1,2,0,0,1.0666,0.5724,0.59,2.35,10000.8432,0.59,2.1145,2.1145,2.1145,2.1145,False,False,1,0.0,0.59,1.0666,0.7577
MOOV,MOOV/USDT,moovusdt,4,6,1,0.0,0.06,0,1,0,0,0.024677,0.007223,0.034068,0.06,10000.0153,0.034068,0.061,0.06,0.061,0.061,False,False,0,0.0,0.007223,0.06,0.014825
SRM,SRM/USDT,srmusdt,4,4,1,0.0,2.0541,2,1,1,2,1.1764,1.0695,0.9753,1.3627,1.3627,0.9753,2.2635,1.3627,2.2635,2.2635,False,True,0,0.9753,1.0695,1.3627,1.0945
DOG,DOG/USDT,dogusdt,4,6,1,0.0,0.004112,1,2,1,1,0.00189,0.001521,0.001526,0.001808,0.001808,0.001526,0.001526,0.001808,0.003676,0.003676,True,True,1,0.001335,0.001526,0.00189,0.001668
AVAX,AVAX/USDT,avaxusdt,4,4,1,0.0,69.4851,0,1,0,1,44.1579,23.4804,55.0199,69.4851,10029.7172,55.0199,73.1149,69.4851,73.1149,73.1149,False,False,0,55.0199,23.4804,69.4851,29.0912
SKM,SKM/USDT,skmusdt,2,6,1,0.001034,0.001214,1,2,1,1,0.00071,0.000457,0.000415,0.001214,10000.000509,0.000415,0.001009,0.001214,0.001476,0.001476,False,False,1,0.000415,0.000415,0.00071,0.000665
JASMY,JASMY/USDT,jasmyusdt,4,6,1,0.022309,0.016849,2,1,1,1,0.01322,0.010863,0.008267,0.016,0.016,0.008267,0.022309,0.016,0.01738,0.01738,False,True,0,0.008267,0.010863,0.016,0.011909
XYO,XYO/USDT,xyousdt,4,6,1,0.0,0.011368,1,2,1,0,0.009772,0.008659,0.008178,0.011368,10000.00929,0.008178,0.008659,0.011368,0.017227,0.017227,False,False,1,0.008178,0.008178,0.009772,0.009586
LMR,LMR/USDT,lmrusdt,4,4,2,0.0388,0.0404,0,1,1,1,0.0383,0.0379,0.0388,0.0458,10000.0383,-9999.9611,0.0388,0.0364,0.1106,0.1106,False,False,0,0.0458,0.0379,0.0458,0.038
ZEC*3,ZEC*3/USDT,zec3lusdt,4,8,0,4.215e-05,0.00024216,2,1,1,1,8.024e-05,6.454e-05,5.099e-05,8.601e-05,8.601e-05,5.099e-05,5.099e-05,8.601e-05,0.00029763,0.00029763,True,True,0,9.187e-05,6.454e-05,8.601e-05,6.7e-05
DASH,DASH/USDT,dashusdt,4,2,1,0.0,85.67,2,1,1,1,61.71,53.36,45.05,63.19,63.19,45.05,79.84,63.19,103.03,103.03,False,True,0,45.05,53.36,63.19,56.84
CVC,CVC/USDT,cvcusdt,2,4,1,0.2538,0.2712,2,1,1,1,0.187,0.171,0.1589,0.1899,0.1899,0.1589,0.1589,0.1899,0.2707,0.2707,True,True,0,0.1072,0.171,0.1899,0.1777
ETH*(-3),ETH*(-3)/USDT,eth3susdt,4,10,2,1.2449e-06,0.0,1,2,0,1,3.4255e-06,2.8217e-06,2.7969e-06,3.5761e-06,3.5761e-06,2.7969e-06,2.7969e-06,3.5761e-06,1.3703e-06,1.3703e-06,True,True,1,1.58e-06,2.7969e-06,3.4255e-06,3.1919e-06
EPIK,EPIK/USDT,epikusdt,4,6,0,0.018689,0.045142,2,1,1,1,0.022826,0.021,0.018689,0.026,0.026,-9999.977277,0.018689,0.021857,0.06415,0.06415,False,False,0,0.026,0.021,0.026,0.021521
ALICE,ALICE/USDT,aliceusdt,4,4,0,2.548,2.9616,2,1,1,1,3.14,2.724,2.548,3.313,3.313,-9996.8687,2.548,2.8943,6.1998,6.1998,False,False,0,3.313,2.724,3.313,2.8842
WAVES,WAVES/USDT,wavesusdt,2,4,1,0.0,13.5749,0,1,0,1,6.3712,5.4917,11.135,13.5749,10005.6741,11.135,11.135,13.5749,19.1387,19.1387,False,False,0,11.8265,5.4917,13.5749,5.6041
MDS,MDS/USDT,mdsusdt,2,6,0,0.000241,0.000295,1,0,1,0,0.000316,0.000241,0.000241,0.000303,0.000303,-9999.999693,0.000241,0.000227,0.00084,0.00084,False,False,1,0.000303,0.000243,0.000316,0.000294
HOT,HOT/USDT,hotusdt,2,6,0,0.00192,0.004092,2,1,1,1,0.002319,0.001974,0.00192,0.002512,0.002512,-9999.997661,0.00192,0.002207,0.00408,0.00408,False,False,0,0.002512,0.001974,0.002512,0.001976
PRIMATE,PRIMATE/USDT,primateusdt,4,4,1,0.0,0.0405,0,1,0,0,0.0403,0.0336,0.0361,0.0405,10000.036,0.0361,0.0361,0.0405,0.1468,0.1468,False,False,0,0.0,0.0336,0.0405,0.0375
H2O,H2O/USDT,h2ousdt,4,6,1,0.511,0.727079,1,2,1,1,0.629661,0.453002,0.3275,0.727079,10000.454554,0.3275,0.535357,0.727079,0.4118,0.4118,False,False,1,0.3275,0.3275,0.629661,0.601017
PVT,PVT/USDT,pvtusdt,2,8,2,4.3e-05,0.0,1,2,0,1,3.198e-05,2.302e-05,2.001e-05,5e-05,10000.00002444,2.001e-05,4.3e-05,5e-05,5e-05,5e-05,False,False,1,5e-05,2.001e-05,3.198e-05,2.8e-05
EKT,EKT/USDT,ektusdt,2,6,1,0.00061,0.000665,0,1,0,1,0.000365,0.000282,0.000525,0.000665,10000.00032,0.000525,0.00061,0.000665,0.000709,0.000709,False,False,0,0.00076,0.000282,0.000665,0.00032
BCH*3,BCH*3/USDT,bch3lusdt,4,8,1,0.001974,0.000351,2,1,1,1,0.000226,0.000183,0.000169,0.000228,0.000228,0.000169,0.000214,0.000228,0.001697,0.001697,False,True,0,0.000169,0.000183,0.000228,0.000199
GAL,GAL/USDT,galusdt,4,4,2,0.0,0.0,0,0,0,0,18.471,1.5,14.667,14.667,10006.1062,-9986.0589,14.667,14.667,14.667,14.667,False,False,1,0.0,1.5,18.471,5.8262
YGG,YGG/USDT,yggusdt,4,4,2,0.0,1.8586,0,1,1,2,0.7625,0.4786,1.6575,2.0953,10000.6605,-9998.1155,1.9491,1.8586,1.9491,1.9491,False,False,0,1.6575,0.4786,2.0953,0.6218
DHT,DHT/USDT,dhtusdt,4,4,1,0.3175,0.44,1,2,1,1,0.443,0.1135,0.1141,0.44,10000.1141,0.1141,0.3,0.44,0.3459,0.3459,False,False,1,0.1141,0.1141,0.443,0.1318
GST,GST/USDT,gstusdt,4,4,2,0.0,0.0,2,1,0,0,3.0637,2.7688,1.9014,3.2151,3.2151,1.9014,4.5899,3.2151,4.5899,4.5899,False,True,0,0.0,2.7688,3.2151,2.9274
NOIA,NOIA/USDT,noiausdt,4,4,0,0.068,0.0748,1,0,1,0,0.0716,0.0684,0.068,0.071,0.071,-9999.9316,0.068,0.071,0.1436,0.1436,False,False,1,0.0669,0.068,0.0716,0.0704
LOKA,LOKA/USDT,lokausdt,4,4,1,0.0,3.48,0,1,0,1,1.6626,0.7824,2.5961,3.48,10001.2517,2.601,2.5961,3.48,2.8765,2.8765,False,False,0,2.2037,0.7824,3.48,1.1706
PAI,PAI/USDT,paiusdt,4,6,1,0.0,0.0024,0,1,0,1,0.001869,0.001112,0.0015,0.0024,10000.001246,0.0015,0.00281,0.0024,0.00281,0.00281,False,False,0,0.0015,0.001112,0.0024,0.001178
USDT,USDT/BRL,usdtbrl,1,3,2,0.0,0.0,0,0,0,0,5.289,4.652,5.058,5.058,10004.924,-9995.044,5.058,5.058,5.058,5.058,False,False,1,0.0,4.851,5.289,4.923
LBP,LBP/USDT,lbpusdt,4,6,2,0.002303,0.003601,0,1,1,1,0.002132,0.002069,0.002303,0.003714,10000.002132,-9999.997332,0.002303,0.002388,0.006594,0.006594,False,False,0,0.003714,0.002069,0.003714,0.002069
UNI*(-2),UNI*(-2)/USDT,uni2susdt,4,6,2,0.710296,0.868893,1,2,0,1,0.855208,0.770094,0.684785,0.935658,10000.753524,0.684785,0.710296,0.868893,0.379172,0.379172,False,False,1,0.935658,0.684785,0.855208,0.781853
TRIBE,TRIBE/USDT,tribeusdt,4,4,1,0.0,0.3864,0,1,0,1,0.2602,0.2423,0.3674,0.3864,10000.2526,0.3674,0.5435,0.3864,0.5435,0.5435,False,False,0,0.3674,0.2423,0.3864,0.2493
CRO,CRO/USDT,crousdt,2,6,1,0.174657,0.204187,2,1,1,1,0.189216,0.182085,0.183137,0.198623,0.198623,0.183137,0.185848,0.198623,0.395542,0.395542,False,True,0,0.183137,0.182085,0.198623,0.186589
SOL,SOL/USDT,solusdt,2,4,1,0.0,74.036,2,1,1,1,54.3647,47.8352,37.5315,59.3056,59.3056,37.5315,96.8091,59.3056,96.8091,96.8091,False,True,0,37.5315,47.8352,59.3056,49.4562
APN,APN/USDT,apnusdt,2,6,2,0.0,0.0029,2,1,1,0,0.00289,0.002541,0.0021,0.004382,0.004382,-9999.9972,0.005117,0.0029,0.007537,0.007537,False,False,0,0.0021,0.002541,0.004382,0.002587
STPT,STPT/USDT,stptusdt,2,6,0,0.042846,0.050411,1,0,1,0,0.053417,0.044452,0.042846,0.049332,0.049332,-9999.951672,0.042846,0.049332,0.083609,0.083609,False,False,1,0.040094,0.042846,0.053417,0.048335
FLOW,FLOW/USDT,flowusdt,4,4,1,0.0,4.5483,0,1,0,1,3.25,2.31,3.2119,4.5483,10002.7767,3.2119,5.4923,4.5483,5.4923,5.4923,False,False,0,3.2119,2.31,4.5483,2.745
AKT,AKT/USDT,aktusdt,4,4,2,0.0,0.0,1,2,0,0,0.482,0.4419,0.4062,0.5103,0.5103,0.4062,0.4062,0.5103,0.7109,0.7109,True,True,1,0.0,0.4062,0.482,0.4485
BABYDOGE,BABYDOGE/USDT,babydogeusdt,2,12,2,0.0,1.69e-09,1,0,1,0,1.9e-09,1.52e-09,7.04e-10,1.69e-09,10000.0000000015,-9999.99999999848,2.605e-09,1.69e-09,2.605e-09,2.605e-09,False,False,1,7.04e-10,7.04e-10,1.9e-09,1.717e-09
NGL,NGL/USDT,nglusdt,4,4,2,0.578,0.5354,1,0,1,1,0.625,0.4571,0.4102,0.5354,10000.4501,-9999.4902,0.578,0.5354,0.7611,0.7611,False,False,1,0.4102,0.4102,0.625,0.479
NPT,NPT/USDT,nptusdt,4,4,1,0.0,7.0,0,1,0,0,3.5796,2.0446,5.044,7.0,10002.705,5.044,5.6715,7.0,5.6715,5.6715,False,False,0,0.0,2.0446,7.0,2.6879
NEW,NEW/USDT,newusdt,4,6,1,0.0,0.000406,1,2,1,0,0.000386,0.000345,0.000334,0.000406,10000.000362,0.000334,0.000343,0.000406,0.000737,0.000737,False,False,1,0.000334,0.000334,0.000386,0.000369
ZBC,ZBC/USDT,zbcusdt,4,6,1,0.0,0.02226,0,1,0,0,0.019922,0.015468,0.020073,0.02226,10000.017616,0.020073,0.043955,0.02226,0.043955,0.043955,False,False,0,0.0263,0.015468,0.02226,0.017211
KAN,KAN/USDT,kanusdt,4,6,1,0.0,0.001676,2,1,1,1,0.001337,0.0013,0.001226,0.001376,0.001376,0.001226,0.001868,0.001376,0.001868,0.001868,False,True,0,0.001226,0.0013,0.001376,0.00131
ANC,ANC/USDT,ancusdt,4,4,1,1.8186,0.2222,0,1,0,1,0.0938,0.0768,0.0998,0.2222,10000.0883,0.0998,0.0998,0.2222,1.9733,1.9733,False,False,0,2.2644,0.0768,0.2222,0.0857
DOGE,DOGE/USDT,dogeusdt,2,6,1,0.0,0.118333,0,1,0,1,0.103791,0.068828,0.099218,0.118333,10000.0846,0.099218,0.135,0.118333,0.135165,0.135165,False,False,0,0.099218,0.068828,0.118333,0.083992
EFI,EFI/USDT,efiusdt,4,4,2,0.1809,0.1948,1,0,1,1,0.2142,0.1898,0.1569,0.1948,10000.1698,-9999.7961,0.1809,0.1948,0.3923,0.3923,False,False,1,0.1569,0.1569,0.2142,0.2085
SNT,SNT/USDT,sntusdt,4,6,0,0.030839,0.042716,1,2,1,1,0.035209,0.031972,0.03145,0.034405,0.034405,0.03145,0.03145,0.034405,0.061918,0.061918,True,True,1,0.037336,0.03145,0.035209,0.033956
HBB,HBB/USDT,hbbusdt,4,4,2,0.9104,1.168,0,2,1,1,0.9326,0.8756,0.8791,1.1335,10000.8898,0.8791,0.9104,1.0186,0.4809,0.4809,False,False,1,1.1335,0.8791,0.9326,0.8777
SYS,SYS/USDT,sysusdt,4,4,2,0.0,0.0,2,1,0,0,0.2398,0.1942,0.1351,0.2433,0.2433,0.1351,0.4337,0.2433,0.4337,0.4337,False,True,0,0.0,0.1942,0.2433,0.1997
ZEN,ZEN/USDT,zenusdt,4,4,1,30.601,22.6417,1,2,1,1,21.3936,18.528,18.2807,22.6417,10019.7908,18.2807,19.8906,22.6417,35.8917,35.8917,False,False,1,18.2807,18.2807,21.3936,19.9908
KT,KT/USDT,ktusdt,4,6,0,0.002201,0.016999,2,1,1,1,0.0078,0.003636,0.002201,0.009472,0.009472,-9999.9955,0.002201,0.0056,0.021333,0.021333,False,False,0,0.009472,0.003636,0.009472,0.0046
SUPER,SUPER/USDT,superusdt,4,4,1,0.0,0.3369,2,1,1,1,0.2069,0.1856,0.183,0.2166,0.2166,0.183,0.183,0.2166,0.6016,0.6016,True,True,0,0.1461,0.1856,0.2166,0.1924
ERN,ERN/USDT,ernusdt,4,4,0,1.6321,3.0442,1,0,1,0,3.1332,2.1686,1.6321,1.9443,1.9443,-9997.7756,1.6321,1.9443,4.4749,4.4749,False,False,1,1.409,1.6321,3.1332,2.2321
EGS,EGS/USDT,egsusdt,4,6,1,0.0,0.033413,2,1,1,0,0.022069,0.015545,0.006605,0.0275,0.0275,0.006605,0.023,0.0275,0.072081,0.072081,False,True,0,0.006605,0.015545,0.0275,0.01669
BIX,BIX/USDT,bixusdt,4,6,2,0.0,0.0,0,0,0,0,0.033368,0.021965,0.039716,0.039716,10000.024625,-9999.960491,0.039716,0.039716,0.039716,0.039716,False,False,0,0.0,0.021965,0.040398,0.023869
DIO,DIO/USDT,diousdt,2,6,2,0.0,0.062309,0,1,1,0,0.058853,0.055607,0.060014,0.087,10000.058696,-9999.9286,0.088953,0.062309,0.088953,0.088953,False,False,0,0.060014,0.055607,0.087,0.057616
EOS*(-3),EOS*(-3)/USDT,eos3susdt,4,8,2,1.498e-05,1.788e-05,1,0,1,1,2.026e-05,1.682e-05,1.681e-05,1.788e-05,10000.00001748,-9999.99998189,1.721e-05,1.788e-05,6.59e-06,6.59e-06,False,False,1,1.681e-05,1.681e-05,2.026e-05,1.869e-05
FTM,FTM/USDT,ftmusdt,4,4,1,0.0,0.8726,1,2,1,1,0.4344,0.294,0.2374,0.8726,10000.3276,0.2374,1.0863,0.8726,1.0863,1.0863,False,False,1,0.2374,0.2374,0.4344,0.3668
SOFI,SOFI/USDT,sofiusdt,4,4,2,0.0,0.0,0,1,0,0,0.1319,0.1116,0.1349,0.3139,10000.1201,-9999.8399,0.1445,0.1445,0.1445,0.1445,False,False,0,0.0,0.1116,0.3139,0.1177
BAND,BAND/USDT,bandusdt,2,4,1,1.6192,1.7787,1,2,1,1,1.8061,1.6199,1.5421,1.812,10001.673,1.5421,1.6192,1.7787,3.5702,3.5702,False,False,1,1.5421,1.5421,1.8061,1.7224
GMPD,GMPD/USDT,gmpdusdt,2,6,1,0.0,0.075261,0,1,0,1,0.05753,0.04975,0.067424,0.075261,10000.05061,0.067424,0.067424,0.075261,0.12,0.12,False,False,0,0.06682,0.04975,0.075261,0.050414
OCEAN,OCEAN/USDT,oceanusdt,4,4,1,0.0,0.4508,0,1,0,2,0.2484,0.1671,0.3786,0.4508,10000.2193,0.3786,0.4723,0.4508,0.4617,0.4617,False,False,0,0.3786,0.1671,0.4508,0.2159
ADP,ADP/USDT,adpusdt,4,6,2,0.0,0.0,1,0,0,0,0.029944,0.023682,0.018358,0.023147,10000.019966,-9999.976038,0.018191,0.018191,0.018191,0.018191,False,False,1,0.0,0.018358,0.029944,0.024954
MKR,MKR/USDT,mkrusdt,6,2,1,0.0,1696.96,1,2,1,1,1766.46,1321.5,954.68,2302.09,2302.09,954.68,954.68,2302.09,1742.84,1742.84,True,True,1,1024.49,954.68,1766.46,1396.12
CHSB,CHSB/USDT,chsbusdt,4,4,2,0.3086,0.3197,0,1,1,1,0.3096,0.3005,0.3086,0.3169,10000.3041,-9999.6831,0.3086,0.31,0.42,0.42,False,False,0,0.3169,0.3005,0.3169,0.3041
TITAN,TITAN/USDT,titanusdt,4,6,1,0.0,3.154573,2,1,1,0,2.628735,2.534069,2.532302,2.883866,2.883866,2.532302,2.987958,2.883866,2.987958,2.987958,False,True,0,2.532302,2.534069,2.883866,2.578
NBS,NBS/USDT,nbsusdt,2,6,2,0.004698,0.0108,0,1,1,1,0.005083,0.004179,0.004698,0.0072,10000.004716,-9999.99494,0.004698,0.005104,0.012575,0.012575,False,False,0,0.0072,0.004179,0.0072,0.004574
SCRT,SCRT/USDT,scrtusdt,4,4,1,0.0,4.5649,1,2,1,0,2.8176,2.0384,1.8289,4.5649,10002.249,1.8289,4.6107,4.5649,4.6107,4.6107,False,False,1,1.8289,1.8289,2.8176,2.3086
ETH*(-1),ETH*(-1)/USDT,eth1susdt,4,4,0,0.2447,0.0,2,1,0,1,0.3551,0.3357,0.3215,0.3627,0.3627,0.3215,0.3215,0.3627,0.2521,0.2521,True,True,0,0.3843,0.3357,0.3627,0.3488
VISION,VISION/USDT,visionusdt,4,6,0,0.008059,0.029508,2,1,1,1,0.013852,0.012239,0.008059,0.03041,0.03041,-9999.983759,0.008059,0.01277,0.073762,0.073762,False,False,0,0.03041,0.012239,0.03041,0.012567
SPA,SPA/USDT,spausdt,2,6,1,0.0,0.176945,2,1,1,0,0.055799,0.05,0.049772,0.066858,0.066858,0.049772,0.150309,0.066858,0.150309,0.150309,False,True,0,0.049772,0.05,0.066858,0.051909
MLN,MLN/USDT,mlnusdt,4,4,0,25.9411,48.3521,2,1,1,1,29.9234,29.3853,29.161,33.0003,33.0003,29.161,29.161,33.0003,54.2097,54.2097,True,True,0,74.9783,29.3853,33.0003,29.3853
MASS,MASS/USDT,massusdt,2,4,0,0.0105,0.0432,1,0,1,0,0.0225,0.0169,0.0105,0.0146,0.0146,-9999.981,0.0105,0.0146,0.0418,0.0418,False,False,1,0.0086,0.0105,0.0225,0.0195
XEM,XEM/USDT,xemusdt,4,4,1,0.051,0.0558,0,1,0,1,0.0557,0.0524,0.0531,0.0558,10000.0536,0.0531,0.0531,0.0558,0.0944,0.0944,False,False,0,0.07,0.0524,0.0558,0.053
RIFI,RIFI/USDT,rifiusdt,4,4,2,0.0,0.0389,1,2,1,1,0.0349,0.0251,0.0228,0.04,0.04,0.024,0.0228,0.0389,0.0427,0.0427,True,False,1,0.0247,0.024,0.0349,0.0276
VRA,VRA/USDT,vrausdt,4,6,1,0.0,0.011522,1,2,1,0,0.010497,0.00644,0.005241,0.011522,10000.007625,0.005241,0.019283,0.011522,0.019283,0.019283,False,False,1,0.005241,0.005241,0.010497,0.007999
UNI*2,UNI*2/USDT,uni2lusdt,4,6,0,0.0618,0.08,1,2,1,1,0.0738,0.0722,0.066963,0.080225,0.080225,0.066963,0.066963,0.065002,0.2815,0.2815,True,False,1,0.080225,0.066963,0.0738,0.0735
STRM,STRM/USDT,strmusdt,4,4,2,0.0,0.1346,1,0,1,0,0.2549,0.2039,0.0798,0.1346,10000.0879,-9999.773,0.108,0.1346,0.2235,0.2235,False,False,1,0.0798,0.0798,0.2549,0.2286
RADAR,RADAR/USDT,radarusdt,4,6,2,0.0,0.015245,0,0,1,1,0.011521,0.006,0.012265,0.013691,10000.010799,-9999.986284,0.018048,0.013691,0.018048,0.018048,False,False,0,0.012265,0.006,0.013691,0.009545
WILD,WILD/USDT,wildusdt,4,4,1,0.0,0.4303,1,2,1,1,0.344,0.3316,0.3227,0.3761,0.3761,0.3227,0.3227,0.3761,1.13,1.13,True,True,1,0.3105,0.3227,0.344,0.3429
WND,WND/USDT,wndusdt,4,4,1,0.4701,0.2332,0,1,0,1,0.2249,0.2102,0.2113,0.2332,10000.2126,0.2113,0.4701,0.2332,0.436,0.436,False,False,0,0.2113,0.2102,0.2332,0.2112
ELA,ELA/USDT,elausdt,2,4,0,1.7291,0.0,1,2,0,1,1.9209,1.8511,1.846,2.1548,2.1548,1.846,1.846,2.02,2.7127,2.7127,True,False,1,2.1548,1.846,1.9209,1.914
ETH,ETH/USDT,ethusdt,4,2,1,0.0,2966.56,2,1,1,1,2058.0,1922.94,1903.18,2064.27,2064.27,1903.18,1903.18,2064.27,2911.7,2911.7,True,True,0,1788.0,1922.94,2064.27,1970.43
DAO,DAO/USDT,daousdt,4,4,1,0.0,2.1917,0,1,0,1,1.8224,1.5,1.7798,2.1917,10001.7811,1.7798,1.7798,2.1917,2.6507,2.6507,False,False,0,1.6,1.5,2.1917,1.7384
SUN,SUN/USDT,sunusdt,2,6,1,0.012258,0.009035,2,1,1,1,0.008994,0.008507,0.008424,0.009078,0.009078,0.008424,0.008553,0.009078,0.013713,0.013713,False,True,0,0.008424,0.008507,0.009078,0.008698
FX,FX/USDT,fxusdt,4,4,1,0.0,0.4107,0,1,0,1,0.3394,0.1881,0.3964,0.4107,10000.2735,0.3964,0.4968,0.4107,0.4916,0.4916,False,False,0,0.3964,0.1881,0.4107,0.2657
