Coin,Name,Symbol,PCoin,PPrice,Trend_5M,CBuy,CSell,WaveCountUp,WaveCountDown,WaveCountUpAfterD,WaveCountDownAfterD,Upper,Lower,AUp,ADown,BUp,BDown,CUp,CDown,DUp,DDown,MSBuy,MSSell,LastState,LastAPriceAfterD,DownPrice,UpPrice,LPrice
XDEFI,XDEFI/USDT,xdefiusdt,4,4,0,0.0,0.0,1,0,0,0,0.2449,0.2387,0.2376,0.2376,0.2376,-9999.7601,0.2376,0.2376,0.2376,0.2376,False,False,1,0.0,0.2376,0.2449,0.2424
DIO,DIO/USDT,diousdt,2,6,2,0.0,0.0,0,1,0,1,0.06012,0.057266,0.058016,0.065723,10000.059999,-9999.940732,0.058756,0.058756,0.058756,0.058756,False,False,0,0.065723,0.057266,0.065723,0.05888
BORING,BORING/USDT,boringusdt,2,6,2,0.019942,0.020695,1,2,1,1,0.020308,0.020308,0.020306,0.021041,0.020824,0.020306,0.020306,0.021041,0.021038,0.021038,True,True,1,0.021042,0.020306,0.020308,0.020308
ELF,ELF/USDT,elfusdt,4,4,0,0.1641,0.162,1,0,1,0,0.1669,0.1669,0.1641,0.165,0.165,-9999.8331,0.1641,0.165,0.1614,0.1614,False,False,1,0.1746,0.1641,0.1669,0.1669
SYS,SYS/USDT,sysusdt,4,4,0,0.2064,0.0,1,2,0,1,0.2143,0.2118,0.2085,0.2154,0.2154,0.2085,0.2085,0.2095,0.2081,0.2081,True,False,1,0.2154,0.2085,0.2143,0.2134
SEELE,SEELE/USDT,seeleusdt,2,6,2,0.007391,0.007407,1,2,1,1,0.007463,0.00739,0.00739,0.007486,10000.007391,0.00739,0.007391,0.007398,0.007404,0.007404,False,False,1,0.007486,0.00739,0.007463,0.007404
ACT,ACT/USDT,actusdt,2,6,1,0.0,0.003042,0,1,0,0,0.003005,0.003002,0.003015,0.003042,10000.003002,0.003015,0.003015,0.003042,0.003075,0.003075,False,False,0,0.003007,0.003002,0.003042,0.003002
ZIG,ZIG/USDT,zigusdt,4,6,2,0.020571,0.020725,1,2,1,1,0.020724,0.020571,0.020517,0.020875,10000.020519,0.020517,0.020622,0.020725,0.020776,0.020776,False,False,1,0.020587,0.020517,0.020724,0.020623
MDS,MDS/USDT,mdsusdt,2,6,1,0.000316,0.000309,0,1,0,1,0.000307,0.000307,0.000308,0.000309,10000.000307,0.000308,0.000308,0.000309,0.000294,0.000294,False,False,0,0.000341,0.000307,0.000309,0.000307
XLM,XLM/USDT,xlmusdt,4,6,0,0.134527,0.135563,1,0,1,0,0.135823,0.135444,0.134527,0.13493,0.13493,-9999.864556,0.134527,0.13493,0.134631,0.134631,False,False,1,0.133771,0.134527,0.135823,0.13577
HT,HT/USDT,htusdt,4,4,2,6.9937,0.0,0,1,0,1,7.0266,6.977,6.9937,7.067,10007.0104,-9992.9496,6.9937,7.0073,7.0073,7.0073,False,False,0,7.067,6.977,7.067,7.0066
AR,AR/USDT,arusdt,2,4,0,15.4974,15.6305,1,0,1,0,15.7422,15.6577,15.4974,15.5888,15.5715,-9984.3423,15.4974,15.5888,15.5914,15.5914,False,False,1,15.3174,15.5054,15.7422,15.7422
GT,GT/USDT,gtusdt,2,4,0,5.751,5.7732,1,2,1,1,5.7677,5.7677,5.7649,5.7744,5.7744,5.7649,5.7649,5.7744,5.7555,5.7555,True,True,1,5.7703,5.7649,5.7677,5.7677
LXT,LXT/USDT,lxtusdt,2,6,1,0.000249,0.000264,0,1,0,0,0.000263,0.000253,0.000255,0.000264,10000.000259,0.000255,0.000249,0.000264,0.000255,0.000255,False,False,0,0.000258,0.000253,0.000264,0.000256
SKM,SKM/USDT,skmusdt,2,6,2,0.000616,0.0,1,2,0,1,0.000613,0.000593,0.000595,0.000636,10000.000595,0.000595,0.000616,0.000629,0.000665,0.000665,False,False,1,0.000636,0.000595,0.000613,0.000613
SFUND,SFUND/USDT,sfundusdt,4,4,2,0.0,0.0,2,1,0,0,1.7621,1.7102,1.7102,1.8032,1.8032,-9998.2555,1.7366,1.7366,1.7366,1.7366,False,False,0,0.0,1.7102,1.8032,1.7344
FSN,FSN/USDT,fsnusdt,4,4,2,0.304,0.0,1,2,0,1,0.2983,0.2983,0.2841,0.3145,10000.2841,0.2841,0.304,0.3098,0.3098,0.3098,False,False,1,0.3145,0.2841,0.2983,0.2983
FTI,FTI/USDT,ftiusdt,2,8,1,0.0,5.965e-05,0,2,1,1,5.9e-05,5.567e-05,5.615e-05,5.965e-05,10000.00005787,5.615e-05,5.951e-05,5.965e-05,5.951e-05,5.951e-05,False,False,1,5.615e-05,5.615e-05,5.9e-05,5.803e-05
LAT,LAT/USDT,latusdt,2,4,0,0.0,0.0,0,0,0,0,0.0169,0.0162,0.0162,0.0162,0.0162,-9999.9837,0.0162,0.0162,0.0162,0.0162,False,False,0,0.0,0.0162,0.0169,0.0163
FIS,FIS/USDT,fisusdt,2,4,2,0.3192,0.3263,0,0,1,1,0.3275,0.318,0.3182,0.3265,10000.318,-9999.673,0.3192,0.322,0.328,0.328,False,False,0,0.3249,0.318,0.3265,0.3241
YFII,YFII/USDT,yfiiusdt,4,4,2,1205.4285,1201.5709,1,2,1,1,1204.2093,1198.5983,1190.3496,1226.775,11194.8807,1190.3496,1205.4285,1211.6631,1197.5463,1197.5463,False,False,1,1226.775,1190.3496,1204.2093,1199.1099
LOL,LOL/USDT,lolusdt,4,6,0,3.1e-05,3.3e-05,2,1,1,1,3.6e-05,3.5e-05,3.1e-05,3.6e-05,3.6e-05,-9999.999964,3.1e-05,3.2e-05,3.4e-05,3.4e-05,False,False,0,3.6e-05,3.5e-05,3.6e-05,3.6e-05
WALLET,WALLET/USDT,walletusdt,4,6,2,0.0,0.0,0,0,0,0,0.040987,0.040523,0.042289,0.042289,10000.040679,-9999.957709,0.042289,0.042289,0.042289,0.042289,False,False,0,0.0,0.040523,0.042301,0.040679
THETA,THETA/USDT,thetausdt,4,4,1,1.3012,1.3104,1,2,1,1,1.2955,1.2888,1.2776,1.3104,10001.287,1.2776,1.3053,1.3104,1.288,1.288,False,False,1,1.2776,1.2776,1.2955,1.2955
NKN,NKN/USDT,nknusdt,2,6,0,0.100922,0.100959,1,0,1,0,0.10219,0.10209,0.100922,0.101712,0.101712,-9999.89791,0.100922,0.100959,0.102283,0.102283,False,False,1,0.100118,0.100922,0.10219,0.10219
AKRO,AKRO/USDT,akrousdt,2,5,2,0.00352,0.00361,1,0,1,1,0.00367,0.00367,0.00358,0.00361,10000.00361,-9999.99633,0.00359,0.00361,0.00359,0.00359,False,False,1,0.00358,0.00358,0.00367,0.00367
ATS,ATS/USDT,atsusdt,2,6,2,0.0,0.0,0,1,0,0,0.2183,0.215524,0.216315,0.220152,10000.215524,-9999.780328,0.216878,0.216878,0.216878,0.216878,False,False,0,0.0,0.215524,0.220152,0.215524
WAR,WAR/USDT,warusdt,4,4,2,0.0,0.0,1,0,0,0,0.0132,0.0121,0.0121,0.0128,10000.0121,-9999.9868,0.0128,0.0128,0.0128,0.0128,False,False,1,0.0,0.0121,0.0132,0.0122
NFT,NFT/USDT,nftusdt,0,10,0,7.988e-07,0.0,2,1,0,1,8.098e-07,8.01e-07,7.988e-07,8.21e-07,8.21e-07,-9999.9999991865,7.988e-07,8.049e-07,7.926e-07,7.926e-07,False,False,0,8.21e-07,8.01e-07,8.21e-07,8.067e-07
LOOKS,LOOKS/USDT,looksusdt,4,4,0,0.5439,0.5615,1,0,1,0,0.5632,0.5552,0.5439,0.5602,0.5602,-9999.4448,0.5439,0.5602,0.5189,0.5189,False,False,1,0.5438,0.5439,0.5632,0.5632
WEMIX,WEMIX/USDT,wemixusdt,4,4,0,3.2473,0.0,1,0,0,0,3.487,3.2473,3.2473,3.4583,3.4583,-9996.532,3.2473,2.9348,2.8382,2.8382,False,False,1,3.4,3.3008,3.487,3.468
RING,RING/USDT,ringusdt,2,6,1,0.009149,0.009312,0,1,0,1,0.009199,0.009099,0.009201,0.009312,10000.009099,0.009201,0.009201,0.009312,0.009167,0.009167,False,False,0,0.009306,0.009099,0.009312,0.009099
DAI,DAI/USDT,daiusdt,2,4,2,0.0,0.0,1,2,0,0,1.0013,1.0011,1.0009,1.0013,1.0013,1.0009,1.0009,1.0015,1.0015,1.0015,True,False,1,0.0,1.0009,1.0013,1.0012
SRM,SRM/USDT,srmusdt,4,4,0,1.15,1.1643,1,0,1,0,1.1588,1.1546,1.15,1.1563,1.1563,-9998.8454,1.15,1.1563,1.1518,1.1518,False,False,1,1.1483,1.15,1.1588,1.1587
PHCR,PHCR/USDT,phcrusdt,4,6,2,0.0,0.0,2,1,0,0,0.000193,0.000192,0.000192,0.000193,0.000193,0.000194,0.000194,0.000194,0.000194,0.000194,False,False,0,0.0,0.000192,0.000193,0.000192
UNFI,UNFI/USDT,unfiusdt,4,4,0,2.3802,0.0,1,0,0,0,2.482,2.4583,2.3802,2.4062,2.4046,-9997.5417,2.3802,2.4062,2.4423,2.4423,False,False,1,2.4971,2.3802,2.482,2.4816
POLC,POLC/USDT,polcusdt,4,4,0,0.0887,0.0878,2,1,1,1,0.0896,0.0888,0.0887,0.0913,0.0913,-9999.911,0.0887,0.0908,0.0878,0.0878,False,False,0,0.0913,0.0888,0.0913,0.0895
SCREAM,SCREAM/USDT,screamusdt,4,4,0,4.3011,4.4661,2,1,1,1,4.3331,4.3331,4.3011,4.3641,4.3641,-9995.6359,4.3011,4.3637,4.4662,4.4662,False,False,0,4.3641,4.3331,4.3641,4.3331
FRONT,FRONT/USDT,frontusdt,4,6,1,0.270143,0.273514,1,2,1,1,0.269573,0.269573,0.267335,0.273514,10000.267335,0.267335,0.272214,0.273514,0.270332,0.270332,False,False,1,0.267335,0.267335,0.269573,0.269573
ARV,ARV/USDT,arvusdt,2,8,2,0.00019929,0.00020272,0,1,1,1,0.00020099,0.00019882,0.00019929,0.00020088,10000.00019995,-9999.99979922,0.00019929,0.00020077,0.00019929,0.00019929,False,False,0,0.00020088,0.00019882,0.00020088,0.00020019
UNIC,UNIC/USDT,unicusdt,4,4,2,0.0,0.0,2,1,0,0,10.6347,10.6202,10.4541,10.7084,10.7084,10.4541,10.73,10.7084,10.73,10.73,False,True,0,0.0,10.6202,10.7084,10.6202
T,T/USDT,tusdt,4,4,1,0.0491,0.0504,0,1,0,1,0.0497,0.049,0.0498,0.0504,10000.0493,0.0498,0.0498,0.0504,0.0494,0.0494,False,False,0,0.0505,0.049,0.0504,0.0493
SUN,SUN/USDT,sunusdt,2,6,0,0.009045,0.009193,1,0,1,0,0.009132,0.009106,0.009045,0.009087,0.009087,-9999.990894,0.009045,0.009087,0.008808,0.008808,False,False,1,0.008824,0.009045,0.009132,0.009129
CLV,CLV/USDT,clvusdt,4,4,2,0.1537,0.1528,0,1,1,1,0.1527,0.1516,0.1537,0.1551,10000.1517,-9999.8449,0.1537,0.1543,0.1508,0.1508,False,False,0,0.1551,0.1516,0.1551,0.1517
PYR,PYR/USDT,pyrusdt,4,4,0,4.7133,4.7441,2,1,1,1,4.7657,4.7436,4.7133,4.8846,4.8846,-9995.1154,4.7133,4.6704,4.8354,4.8354,False,False,0,4.8846,4.7436,4.8846,4.756
ACA,ACA/USDT,acausdt,4,4,1,0.3938,0.3991,1,2,1,1,0.3922,0.3922,0.3886,0.3931,0.3931,0.3886,0.3886,0.3931,0.389,0.389,True,True,1,0.3869,0.3886,0.3922,0.3922
LOOT,LOOT/USDT,lootusdt,4,4,2,1.0903,0.0,0,1,0,1,1.0902,1.0874,1.0903,1.0906,10001.0887,-9998.9097,1.0903,1.0904,1.0904,1.0904,False,False,0,1.0906,1.0874,1.0906,1.0886
GMEE,GMEE/USDT,gmeeusdt,4,4,2,0.0,0.0,1,2,0,0,0.0203,0.0198,0.0197,0.0204,0.0204,0.0197,0.0197,0.0199,0.0199,0.0199,True,False,1,0.0,0.0197,0.0203,0.0199
ZEN,ZEN/USDT,zenusdt,4,4,0,20.7982,21.3458,1,0,1,0,21.0714,21.0713,20.7982,20.935,20.935,-9978.9287,20.7982,20.935,21.0725,21.0725,False,False,1,20.6428,20.7982,21.0714,21.0714
ALICE,ALICE/USDT,aliceusdt,4,4,2,3.085,2.9987,1,0,1,1,3.0351,3.0272,2.9815,2.9997,10002.9827,-9996.9728,3.0689,2.9987,3.0772,3.0772,False,False,1,2.9877,2.9815,3.0351,3.0351
AGLD,AGLD/USDT,agldusdt,4,4,2,0.597,0.6007,1,2,1,1,0.5926,0.589,0.5791,0.6118,10000.582,0.5791,0.597,0.5978,0.612,0.612,False,False,1,0.6118,0.5791,0.5926,0.5916
UPI,UPI/USDT,upiusdt,4,4,2,0.0297,0.0293,0,1,1,1,0.0298,0.029,0.0297,0.0311,10000.0295,-9999.9701,0.0297,0.0293,0.0295,0.0295,False,False,0,0.0311,0.029,0.0311,0.0298
UST,UST/USDT,ustusdt,4,4,0,0.0677,0.0656,2,1,1,1,0.0693,0.0678,0.0677,0.0725,0.0725,-9999.9312,0.0677,0.0654,0.0722,0.0722,False,False,0,0.0725,0.0678,0.0725,0.0683
HBAR,HBAR/USDT,hbarusdt,2,6,0,0.103334,0.105345,1,0,1,0,0.104317,0.103407,0.103334,0.103635,0.103635,-9999.896593,0.103334,0.103635,0.103166,0.103166,False,False,1,0.102248,0.103334,0.104317,0.104316
TOP,TOP/USDT,topusdt,4,6,2,0.0,0.0,0,0,0,0,0.000466,0.000448,0.000454,0.000454,10000.000459,-9999.999543,0.000454,0.000454,0.000454,0.000454,False,False,1,0.0,0.000454,0.000466,0.000457
SWFTC,SWFTC/USDT,swftcusdt,2,6,2,0.0,0.0,0,0,0,0,0.0013,0.001117,0.001112,0.001143,10000.001119,-9999.998852,0.00113,0.00113,0.00113,0.00113,False,False,1,0.0,0.001112,0.0013,0.001148
XRP*3,XRP*3/USDT,xrp3lusdt,4,8,2,0.000597,0.00058007,2,1,1,1,0.00058,0.00058,0.000576,0.00058198,0.00058198,0.000576,0.000597,0.00058198,0.00057446,0.00057446,False,True,0,0.00060138,0.00058,0.00058198,0.00058
PVT,PVT/USDT,pvtusdt,2,8,2,0.0,0.0,2,1,0,0,2.782e-05,2.705e-05,2.702e-05,2.952e-05,2.952e-05,-9999.99997181,2.823e-05,2.823e-05,2.823e-05,2.823e-05,False,False,0,0.0,2.705e-05,2.952e-05,2.749e-05
WND,WND/USDT,wndusdt,4,4,2,0.0,0.0,0,0,0,0,0.2085,0.2081,0.211,0.211,10000.2083,0.211,0.211,0.211,0.211,0.211,False,False,0,0.0,0.2081,0.211,0.2083
GEAR,GEAR/USDT,gearusdt,4,4,2,0.019,0.0,1,2,0,1,0.0157,0.0157,0.014,0.0195,10000.015,0.014,0.019,0.0191,0.018,0.018,False,False,1,0.0192,0.014,0.0157,0.0157
GAL,GAL/USDT,galusdt,4,4,1,6.0769,6.6495,0,1,0,1,6.5714,6.1775,6.4043,6.6495,10006.3004,6.4043,6.6117,6.6495,6.1091,6.1091,False,False,0,6.4043,6.1775,6.6495,6.2803
NAS,NAS/USDT,nasusdt,4,4,2,0.0963,0.0983,1,2,1,1,0.0959,0.0957,0.095,0.0976,10000.0953,0.095,0.0963,0.0968,0.0993,0.0993,False,False,1,0.0976,0.095,0.0959,0.0959
STPT,STPT/USDT,stptusdt,2,6,2,0.051475,0.050373,0,1,1,1,0.049975,0.049279,0.051475,0.053606,10000.049279,-9999.9474,0.051475,0.050373,0.049985,0.049985,False,False,0,0.053606,0.049279,0.053606,0.049279
BTC*(-3),BTC*(-3)/USDT,btc3susdt,4,8,2,0.0002115,0.00021418,1,2,1,1,0.0002123,0.0002123,0.00021092,0.0002133,10000.00021092,0.00021092,0.0002115,0.00020707,0.0002162,0.0002162,False,False,1,0.0002133,0.00021092,0.0002123,0.0002123
XCAD,XCAD/USDT,xcadusdt,4,4,0,3.7293,0.0,1,2,0,1,3.8531,3.8031,3.7521,4.0996,4.0996,3.7521,3.7521,3.6905,3.6905,3.6905,True,False,1,4.0996,3.7521,3.8531,3.8176
AURORA,AURORA/USDT,aurorausdt,4,4,2,3.7955,3.8197,0,0,1,1,3.8618,3.6766,3.7955,3.86,10003.7785,-9996.1222,3.7955,3.8347,3.8601,3.8601,False,False,0,3.86,3.6766,3.86,3.7472
NPT,NPT/USDT,nptusdt,4,4,0,2.6507,0.0,2,1,0,1,2.6701,2.6701,2.6689,2.6804,2.6804,2.6689,2.6689,2.6804,2.6143,2.6143,True,True,0,2.687,2.6701,2.6804,2.6701
PAI,PAI/USDT,paiusdt,4,6,2,0.001381,0.0,1,2,0,1,0.001432,0.001432,0.001331,0.001434,0.001434,0.001331,0.001331,0.001439,0.001439,0.001439,True,False,1,0.001433,0.001331,0.001432,0.001432
RADAR,RADAR/USDT,radarusdt,4,6,2,0.0,0.00945,2,1,1,1,0.009936,0.009934,0.009274,0.010099,0.010099,-9999.989901,0.009401,0.00945,0.010391,0.010391,False,False,0,0.009274,0.009934,0.010099,0.009934
YFI,YFI/USDT,yfiusdt,6,2,2,9351.47,9292.1,1,0,1,1,9329.18,9318.56,9274.11,9292.1,19291.85,-681.4400000000005,9274.69,9292.1,9467.43,9467.43,False,False,1,9274.11,9274.11,9329.18,9328.11
BTC*(-1),BTC*(-1)/USDT,btc1susdt,4,4,0,0.7661,0.0,1,2,0,1,0.7763,0.7763,0.7714,0.7896,0.7896,0.7714,0.7714,0.7712,0.781,0.781,True,False,1,0.7896,0.7714,0.7763,0.7763
BBF,BBF/USDT,bbfusdt,4,4,2,0.0,27.494,1,0,1,0,27.6733,26.9309,26.9991,27.494,10027.344,-9972.4636,27.4495,27.494,27.4495,27.4495,False,False,1,26.9991,26.9991,27.6733,27.296
FIL*(-3),FIL*(-3)/USDT,fil3susdt,4,8,2,6.414e-05,6.219e-05,0,1,1,1,6.457e-05,6.311e-05,6.414e-05,6.592e-05,10000.00006457,-9999.99993408,6.414e-05,6.219e-05,6.38e-05,6.38e-05,False,False,0,6.592e-05,6.311e-05,6.592e-05,6.378e-05
BOSON,BOSON/USDT,bosonusdt,4,4,0,0.3951,0.0,1,0,0,0,0.4135,0.3967,0.3951,0.4037,0.4037,-9999.5946,0.3951,0.4037,0.4074,0.4074,False,False,1,0.0,0.3951,0.4135,0.4002
LOKA,LOKA/USDT,lokausdt,4,4,2,0.0,0.0,0,1,0,0,1.2832,1.2173,1.2393,1.3038,10001.2362,-9998.7221,1.2646,1.2646,1.2646,1.2646,False,False,0,0.0,1.2173,1.3038,1.2362
ERTHA,ERTHA/USDT,erthausdt,2,6,1,0.0,0.020123,0,1,0,0,0.020103,0.019963,0.02012,0.020123,10000.020051,0.02012,0.02012,0.020123,0.020517,0.020517,False,False,0,0.019664,0.019963,0.020123,0.020045
LTC,LTC/USDT,ltcusdt,4,2,0,70.84,71.83,1,0,1,0,71.44,71.16,70.84,71.29,71.29,-9928.84,70.84,71.29,71.64,71.64,False,False,1,71.43,70.84,71.44,71.42
WAXP,WAXP/USDT,waxpusdt,2,6,1,0.138272,0.137986,1,2,1,1,0.13817,0.136898,0.13607,0.137986,10000.136166,0.13607,0.138272,0.137986,0.132599,0.132599,False,False,1,0.13607,0.13607,0.13817,0.137462
POKT,POKT/USDT,poktusdt,2,6,0,0.239648,0.238168,2,1,1,1,0.242886,0.242886,0.239648,0.243736,0.243736,-9999.756294,0.239648,0.240605,0.239647,0.239647,False,False,0,0.243736,0.242886,0.243736,0.242886
AST,AST/USDT,astusdt,4,4,2,0.0,0.0917,1,2,1,1,0.0908,0.0908,0.0866,0.0908,0.0908,0.0866,0.0866,0.0908,0.0875,0.0875,True,True,1,0.0864,0.0866,0.0908,0.0908
MASK,MASK/USDT,maskusdt,4,4,2,2.0533,2.0868,1,0,1,1,2.1073,2.0931,2.061,2.0868,10002.0732,-9997.9069,2.0756,2.0868,2.1581,2.1581,False,False,1,2.061,2.061,2.1073,2.1073
FIRO,FIRO/USDT,firousdt,4,4,2,1.8455,1.8564,1,0,1,1,1.8566,1.8566,1.83,1.8564,10001.8506,-9998.1434,1.8428,1.8564,1.8314,1.8314,False,False,1,1.83,1.83,1.8566,1.8566
USDT,USDT/TRY,usdttry,4,3,1,0.0,16.047,0,1,0,1,16.047,15.792,15.85,16.047,10015.792,15.85,15.85,16.047,15.791,15.791,False,False,0,16.049,15.792,16.047,15.792
SMCW,SMCW/USDT,smcwusdt,4,4,0,0.0678,0.0,1,0,0,0,0.075,0.0708,0.0678,0.0691,0.0691,-9999.9284,0.0678,0.0679,0.0679,0.0679,False,False,1,0.0,0.0678,0.075,0.0716
ADA,ADA/USDT,adausdt,4,6,0,0.537779,0.542931,1,0,1,0,0.542998,0.541317,0.537779,0.539809,0.539809,-9999.458583,0.537779,0.539809,0.5408,0.5408,False,False,1,0.535311,0.537779,0.542998,0.541875
REN,REN/USDT,renusdt,2,6,0,0.151531,0.15421,1,0,1,0,0.153275,0.15276,0.151531,0.152443,0.152443,-9999.84724,0.151531,0.152443,0.152396,0.152396,False,False,1,0.15008,0.151531,0.153275,0.153275
UMA,UMA/USDT,umausdt,4,4,2,0.0,3.5415,1,0,1,0,3.6326,3.562,3.4853,3.5415,10003.5195,-9996.438,3.5213,3.5415,3.5243,3.5243,False,False,1,3.4853,3.4853,3.6326,3.5856
HEC,HEC/USDT,hecusdt,4,4,1,0.0,0.3244,1,2,1,0,0.3217,0.3194,0.3176,0.3244,10000.3197,0.3176,0.3259,0.3244,0.3255,0.3255,False,False,1,0.3176,0.3176,0.3217,0.3209
IOST,IOST/USDT,iostusdt,4,6,0,0.017468,0.017899,1,0,1,0,0.017642,0.017573,0.017468,0.017565,0.017565,-9999.982427,0.017468,0.017565,0.017569,0.017569,False,False,1,0.01738,0.017468,0.017642,0.017642
BAT,BAT/USDT,batusdt,2,4,0,0.3998,0.4007,1,0,1,0,0.4044,0.4022,0.3998,0.4014,0.4014,-9999.5978,0.3998,0.4007,0.4018,0.4018,False,False,1,0.3976,0.3998,0.4044,0.4042
CEL,CEL/USDT,celusdt,4,4,2,0.7784,0.0,1,0,0,1,0.786,0.7851,0.7773,0.7824,10000.7773,-9999.214,0.7784,0.7807,0.7574,0.7574,False,False,1,0.7824,0.7773,0.786,0.786
CERE,CERE/USDT,cereusdt,4,6,0,0.009767,0.0,1,0,0,0,0.010071,0.009994,0.009767,0.010039,0.010039,-9999.990006,0.009767,0.010002,0.010064,0.010064,False,False,1,0.010039,0.009767,0.010071,0.010005
MIR,MIR/USDT,mirusdt,4,4,0,0.2701,0.2546,2,1,1,1,0.3008,0.2834,0.2701,0.3061,0.3061,-9999.7073,0.2701,0.2839,0.2558,0.2558,False,False,0,0.3061,0.2834,0.3061,0.2917
AXS,AXS/USDT,axsusdt,4,4,0,21.5445,21.7448,1,0,1,0,23.546,21.7586,21.5445,21.8662,21.8662,-9977.2985,21.5445,21.7448,21.2606,21.2606,False,False,1,21.5508,21.5445,23.546,22.8044
SXP,SXP/USDT,sxpusdt,4,4,0,0.491,0.4929,1,2,1,1,0.4977,0.4939,0.4908,0.529,0.529,0.4908,0.4908,0.4997,0.492,0.492,True,False,1,0.529,0.4908,0.4977,0.4967
OMG,OMG/USDT,omgusdt,4,4,0,2.5781,2.6123,1,0,1,0,2.6236,2.6136,2.5781,2.5941,2.5941,-9997.3864,2.5781,2.5941,2.5581,2.5581,False,False,1,2.5507,2.5781,2.6236,2.6236
CRPT,CRPT/USDT,crptusdt,4,4,1,0.2461,0.2421,1,2,1,1,0.2343,0.2342,0.2341,0.2459,0.2459,0.2341,0.2341,0.2459,0.2882,0.2882,True,True,1,0.2294,0.2341,0.2343,0.2343
STG,STG/USDT,stgusdt,4,4,2,0.0,0.0,1,0,0,0,0.6704,0.6366,0.61,0.6283,10000.6295,-9999.3504,0.6283,0.6283,0.6283,0.6283,False,False,1,0.0,0.61,0.6704,0.6497
NODE,NODE/USDT,nodeusdt,2,6,1,0.0,3.7e-05,0,1,0,1,3.7e-05,3.2e-05,3.6e-05,3.7e-05,10000.000034,3.6e-05,3.6e-05,3.7e-05,3.1e-05,3.1e-05,False,False,0,3.7e-05,3.2e-05,3.7e-05,3.4e-05
VRA,VRA/USDT,vrausdt,4,6,2,0.008104,0.007941,1,0,1,1,0.008014,0.007964,0.007884,0.007941,10000.007896,-9999.992036,0.007913,0.007941,0.008175,0.008175,False,False,1,0.007884,0.007884,0.008014,0.007979
BSV*3,BSV*3/USDT,bsv3lusdt,4,10,1,4.3434e-06,4.4365e-06,1,2,1,1,4.31e-06,4.3e-06,4.287e-06,4.4365e-06,10000.000004287,4.287e-06,4.3748e-06,4.4365e-06,4.1775e-06,4.1775e-06,False,False,1,4.287e-06,4.287e-06,4.31e-06,4.3e-06
UUU,UUU/USDT,uuuusdt,2,8,2,0.0,0.0,0,1,0,0,3.599e-05,3.212e-05,3.331e-05,3.601e-05,10000.00003437,-9999.99996593,3.434e-05,3.434e-05,3.434e-05,3.434e-05,False,False,0,0.0,3.212e-05,3.601e-05,3.566e-05
VPAD,VPAD/USDT,vpadusdt,4,4,2,0.0,0.0,0,0,0,0,0.1984,0.1978,0.1982,0.1982,10000.1978,-9999.8019,0.1982,0.1982,0.1982,0.1982,False,False,0,0.0,0.1978,0.1984,0.1978
BETH,BETH/USDT,bethusdt,6,2,2,0.0,0.0,2,1,0,0,1914.91,1867.97,1843.53,1917.64,1917.64,-8091.6,1891.93,1891.93,1891.93,1891.93,False,False,0,0.0,1867.97,1917.64,1901.21
AKT,AKT/USDT,aktusdt,4,4,2,0.0,0.0,2,1,0,0,0.4681,0.458,0.4556,0.4747,0.4747,0.4556,0.4691,0.4747,0.4691,0.4691,False,True,0,0.0,0.458,0.4747,0.4629
FTT,FTT/USDT,fttusdt,4,4,2,30.4264,30.4977,1,2,1,1,30.5875,30.5409,30.4017,30.9308,10030.485,30.4017,30.4264,30.4977,30.5406,30.5406,False,False,1,30.9308,30.4017,30.5875,30.5875
DTA,DTA/USDT,dtausdt,4,8,2,3.745e-05,0.0,0,1,0,0,3.741e-05,3.658e-05,3.745e-05,3.867e-05,10000.00003699,-9999.99996163,3.745e-05,3.76e-05,3.76e-05,3.76e-05,False,False,0,3.802e-05,3.658e-05,3.867e-05,3.681e-05
MKR,MKR/USDT,mkrusdt,6,2,1,1428.97,1420.47,1,2,1,1,1420.12,1416.06,1409.57,1420.47,11413.93,1409.57,1416.7,1420.47,1414.92,1414.92,False,False,1,1409.57,1409.57,1420.12,1420.12
SPA,SPA/USDT,spausdt,2,6,1,0.0,0.053421,0,1,0,0,0.053405,0.05039,0.052763,0.053421,10000.051952,0.052763,0.052763,0.053421,0.05317,0.05317,False,False,0,0.050504,0.05039,0.053421,0.051817
MOVR,MOVR/USDT,movrusdt,4,4,0,24.4625,23.9384,1,0,1,0,25.1774,25.1774,24.4625,24.5636,24.5636,-9974.8226,24.4625,24.5636,24.0415,24.0415,False,False,1,25.1794,24.4625,25.1774,25.1774
API3,API3/USDT,api3usdt,4,4,1,1.8658,1.9585,1,2,1,1,1.9331,1.9025,1.87,1.9585,10001.8917,1.87,1.9214,1.9585,1.8756,1.8756,False,False,1,1.87,1.87,1.9331,1.9256
JUMBO,JUMBO/USDT,jumbousdt,4,4,2,3.5212,3.8,2,1,1,1,3.812,3.6404,3.6255,3.812,3.812,-9996.2083,3.6255,3.8,3.61,3.61,True,False,0,3.5333,3.6404,3.812,3.6542
CTX,CTX/USDT,ctxusdt,4,4,1,0.0,3.9951,2,1,1,0,3.9489,3.8981,3.8026,3.9844,3.9844,3.8026,3.8262,3.9844,3.9539,3.9539,False,True,0,3.8026,3.8981,3.9844,3.9275
TOKE,TOKE/USDT,tokeusdt,4,4,2,0.0,0.0,1,2,0,0,4.6446,4.6086,4.5312,4.7639,4.7639,4.5312,4.5312,4.6707,4.6707,4.6707,True,False,1,0.0,4.5312,4.6446,4.6328
PLU,PLU/USDT,pluusdt,4,4,2,0.0,0.0,0,0,0,0,9.3542,9.1796,9.338,9.338,10009.324,9.338,9.338,9.338,9.338,9.338,False,False,0,0.0,9.1796,9.338,9.324
PSTAKE,PSTAKE/USDT,pstakeusdt,4,4,2,0.0,0.0,0,0,0,0,0.3724,0.366,0.3692,0.3692,10000.3714,-9999.6301,0.3692,0.3692,0.3692,0.3692,False,False,0,0.0,0.366,0.3707,0.37
BAL,BAL/USDT,balusdt,2,4,1,0.0,8.1396,1,2,1,0,7.8792,7.8146,7.7627,8.1396,10007.8334,7.7627,8.0286,8.1396,7.9778,7.9778,False,False,1,7.7627,7.7627,7.8792,7.8697
BHD,BHD/USDT,bhdusdt,4,4,2,0.0,0.0,2,1,0,0,0.0634,0.0604,0.0589,0.0687,0.0687,-9999.9313,0.0655,0.0655,0.0655,0.0655,False,False,0,0.0,0.0604,0.0687,0.0604
USDT,USDT/RUB,usdtrub,1,2,2,61.32,63.17,1,2,1,1,62.25,59.52,59.52,62.89,62.89,61.99,59.52,61.9,61.21,61.21,True,False,1,62.4,61.99,62.25,62.0
AE,AE/USDT,aeusdt,2,4,0,0.0911,0.0937,2,1,1,1,0.0911,0.0911,0.0911,0.0951,0.0951,-9999.9049,0.0911,0.0937,0.0864,0.0864,False,False,0,0.0951,0.0911,0.0951,0.0911
YGG,YGG/USDT,yggusdt,4,4,0,0.7919,0.7907,2,1,1,1,0.8383,0.8187,0.7919,0.8356,0.8356,-9999.175,0.7919,0.7907,0.8294,0.8294,False,False,0,0.8356,0.8187,0.8356,0.8193
VOXEL,VOXEL/USDT,voxelusdt,4,4,2,0.0,0.6679,1,0,1,1,0.6729,0.661,0.6488,0.6679,10000.6616,-9999.339,0.6653,0.6679,0.6847,0.6847,False,False,1,0.6488,0.6488,0.6729,0.6723
ORBR,ORBR/USDT,orbrusdt,4,4,2,0.0,0.0,0,0,0,0,21.3478,20.8502,21.0651,21.0651,10021.1545,-9978.8765,21.0651,21.0651,21.0651,21.0651,False,False,0,0.0,20.8502,21.1486,21.1495
NEO,NEO/USDT,neousdt,4,2,0,11.08,10.81,1,0,1,0,11.8,11.43,11.08,11.23,11.23,-9988.57,11.08,10.73,10.65,10.65,False,False,1,11.16,11.08,11.8,11.8
SCRT,SCRT/USDT,scrtusdt,4,4,1,2.2948,2.3069,0,1,0,1,2.2948,2.2948,2.2949,2.3069,10002.2948,2.2949,2.295,2.3069,2.2949,2.2949,False,False,0,2.2949,2.2948,2.3069,2.2948
RSS3,RSS3/USDT,rss3usdt,4,4,2,0.1313,0.1314,1,2,1,1,0.1306,0.1303,0.1289,0.1339,10000.1303,0.1289,0.1313,0.1314,0.1287,0.1287,False,False,1,0.1339,0.1289,0.1306,0.1306
BSV*(-3),BSV*(-3)/USDT,bsv3susdt,4,8,1,0.0001789,0.0001858,1,2,1,1,0.00018254,0.00018254,0.0001763,0.0001858,10000.00017632,0.0001763,0.00018014,0.0001858,0.000184,0.000184,False,False,1,0.0001763,0.0001763,0.00018254,0.00018254
SLC,SLC/USDT,slcusdt,2,6,2,0.111174,0.0,1,2,0,1,0.111418,0.110277,0.110278,0.113048,10000.110401,0.110278,0.111174,0.112526,0.113375,0.113375,False,False,1,0.113048,0.110278,0.111418,0.110572
ETH,ETH/USDT,ethusdt,4,2,2,2010.85,2028.5,1,2,1,1,2033.73,2029.22,2026.79,2034.75,2034.75,2026.79,2026.79,2028.5,2015.84,2015.84,True,False,1,2019.0,2026.79,2033.73,2033.17
FIL*3,FIL*3/USDT,fil3lusdt,4,9,0,1.1215e-05,1.1709e-05,1,0,1,0,1.1753e-05,1.1515e-05,1.1215e-05,1.1357e-05,1.1357e-05,-9999.999988485,1.1215e-05,1.1357e-05,1.1517e-05,1.1517e-05,False,False,1,1.1521e-05,1.1215e-05,1.1753e-05,1.1753e-05
UNB,UNB/USDT,unbusdt,4,6,2,0.002547,0.0,0,1,0,1,0.002606,0.002543,0.002547,0.002623,10000.002543,-9999.997377,0.002547,0.002538,0.002538,0.002538,False,False,0,0.002623,0.002543,0.002623,0.002543
CRV,CRV/USDT,crvusdt,4,4,1,1.2355,1.2891,0,1,0,1,1.2704,1.2511,1.2692,1.2891,10001.2692,1.2692,1.2728,1.2891,1.2383,1.2383,False,False,0,1.2692,1.2511,1.2891,1.2688
BTC,BTC/USDT,btcusdt,6,2,0,29910.7,30146.17,1,2,1,1,30212.39,30152.78,30103.16,30205.58,30205.58,30103.16,30103.16,30205.58,29932.03,29932.03,True,True,1,30500.0,30103.16,30212.39,30198.53
NCT,NCT/USDT,nctusdt,4,6,1,0.026567,0.02743,2,1,1,1,0.026733,0.026733,0.026028,0.027251,0.027251,0.026028,0.026784,0.027251,0.028393,0.028393,False,True,0,0.026028,0.026733,0.027251,0.026733
OCEAN,OCEAN/USDT,oceanusdt,4,4,2,0.2381,0.2347,1,2,1,1,0.2337,0.2334,0.2295,0.2379,10000.2295,0.2295,0.2381,0.2347,0.2327,0.2327,False,False,1,0.2317,0.2295,0.2337,0.2337
RIFI,RIFI/USDT,rifiusdt,4,4,2,0.0263,0.0,2,1,0,1,0.0285,0.028,0.0261,0.0286,0.0286,-9999.9714,0.0263,0.0278,0.0278,0.0278,False,False,0,0.0285,0.028,0.0286,0.028
PRIMATE,PRIMATE/USDT,primateusdt,4,4,2,0.0389,0.0391,2,1,1,1,0.0387,0.0387,0.0387,0.0388,0.0388,0.0387,0.0387,0.0388,0.0386,0.0386,True,True,0,0.0393,0.0387,0.0388,0.0387
KAI,KAI/USDT,kaiusdt,4,6,2,0.015824,0.0,0,1,0,1,0.016022,0.015416,0.015824,0.016401,10000.015752,-9999.983909,0.015824,0.016029,0.016029,0.016029,False,False,0,0.016401,0.015416,0.016401,0.015752
BCH*3,BCH*3/USDT,bch3lusdt,4,8,0,0.000212,0.000223,1,0,1,0,0.00021666,0.00021513,0.000212,0.00021525,0.00021525,-9999.99978487,0.000212,0.00021525,0.000213,0.000213,False,False,1,0.000211,0.000212,0.00021666,0.00021666
MXC,MXC/USDT,mxcusdt,2,6,1,0.0,0.082963,2,1,1,0,0.082215,0.081558,0.081418,0.082477,0.082477,0.081418,0.082166,0.082477,0.083654,0.083654,False,True,0,0.081418,0.081558,0.082477,0.082113
ONIT,ONIT/USDT,onitusdt,4,4,2,0.0,0.0,0,0,0,0,0.0607,0.0574,0.0581,0.0581,10000.0579,-9999.9416,0.0581,0.0581,0.0581,0.0581,False,False,0,0.0,0.0574,0.0607,0.0579
GQ,GQ/USDT,gqusdt,4,6,1,0.008177,0.009503,1,2,1,1,0.00826,0.008218,0.007716,0.009503,10000.007872,0.007716,0.008552,0.009503,0.008258,0.008258,False,False,1,0.007716,0.007716,0.00826,0.00826
SNS,SNS/USDT,snsusdt,2,6,2,0.0,0.0,1,2,0,1,0.024815,0.024815,0.024471,0.026501,10000.024475,0.024471,0.025996,0.025996,0.025996,0.025996,False,False,1,0.026501,0.024471,0.024815,0.024815
AURY,AURY/USDT,auryusdt,4,4,1,0.0,3.7658,0,1,0,0,3.7327,3.7326,3.7489,3.7658,10003.7326,3.7489,3.88,3.7658,3.88,3.88,False,False,0,3.7489,3.7326,3.7658,3.7326
GNX,GNX/USDT,gnxusdt,2,6,2,0.006082,0.00611,0,1,1,1,0.0057,0.005658,0.006082,0.006127,10000.005658,-9999.993873,0.006082,0.005603,0.00561,0.00561,False,False,0,0.006127,0.005658,0.006127,0.005658
GOF,GOF/USDT,gofusdt,2,4,2,0.0,0.0,0,0,0,0,0.0667,0.0628,0.0633,0.0633,10000.0635,-9999.937,0.0633,0.0633,0.0633,0.0633,False,False,1,0.0,0.0633,0.0667,0.0645
CVX,CVX/USDT,cvxusdt,4,4,1,10.582,10.8036,0,1,0,1,10.9156,10.4377,10.5564,10.8036,10010.5565,10.5618,10.5564,10.8036,9.7681,9.7681,False,False,0,10.8146,10.4377,10.8036,10.5967
DKA,DKA/USDT,dkausdt,2,6,1,0.0,0.062935,2,1,1,1,0.06226,0.062047,0.060497,0.06226,0.06226,0.060497,0.060639,0.06226,0.067004,0.067004,False,True,0,0.060497,0.062047,0.06226,0.062047
MULTI,MULTI/USDT,multiusdt,4,4,2,6.1539,6.1185,1,2,1,1,6.1261,6.1175,6.0924,6.1933,10006.095,6.0924,6.1539,6.1185,6.2108,6.2108,False,False,1,6.1933,6.0924,6.1261,6.121
SMT,SMT/USDT,smtusdt,4,6,0,0.001959,0.002236,1,0,1,0,0.002137,0.002111,0.001959,0.001988,0.001988,-9999.997863,0.001959,0.001969,0.002397,0.002397,False,False,1,0.001988,0.001959,0.002137,0.002137
NT,NT/USDT,ntusdt,4,6,2,0.009,0.0,1,0,0,1,0.009901,0.0095,0.0087,0.0099,10000.008701,-9999.9905,0.009,0.0087,0.0087,0.0087,False,False,1,0.0099,0.0087,0.009901,0.009901
EGS,EGS/USDT,egsusdt,4,6,2,0.0,0.0,2,1,0,1,0.016726,0.0165,0.016114,0.0175,0.0175,-9999.982757,0.016696,0.016696,0.016696,0.016696,False,False,0,0.016707,0.0165,0.0175,0.016603
QTUM,QTUM/USDT,qtumusdt,4,4,0,4.0961,4.127,1,0,1,0,4.229,4.1628,4.0961,4.1012,4.1012,-9995.8372,4.0961,4.1012,4.0091,4.0091,False,False,1,4.0534,4.0961,4.229,4.2271
C98,C98/USDT,c98usdt,4,4,0,0.6009,0.6024,2,1,1,1,0.6684,0.662,0.6009,0.6873,0.6873,-9999.3218,0.6009,0.6054,0.5728,0.5728,False,False,0,0.6873,0.662,0.6873,0.662
AUCTION,AUCTION/USDT,auctionusdt,4,4,2,6.3115,6.3398,0,1,1,1,6.2732,6.2122,6.3115,6.3593,10006.2182,-9993.6407,6.3115,6.3352,6.4159,6.4159,False,False,0,6.3593,6.2122,6.3593,6.2182
VEMP,VEMP/USDT,vempusdt,3,5,2,0.0,0.0,1,0,0,0,0.04064,0.03995,0.03857,0.04022,10000.03944,-9999.95981,0.03923,0.03923,0.03923,0.03923,False,False,1,0.0,0.03857,0.04064,0.04032
TUSD,TUSD/USDT,tusdusdt,4,4,2,0.0,0.0,0,1,0,0,1.0011,1.001,1.0013,1.0016,10001.0011,-9998.9988,1.0014,1.0014,1.0014,1.0014,False,False,0,0.0,1.001,1.0016,1.001
LAMB,LAMB/USDT,lambusdt,4,6,2,0.0,0.0,0,2,0,1,0.001843,0.001718,0.001798,0.001936,10000.001754,0.001798,0.001848,0.001848,0.001848,0.001848,False,False,1,0.001936,0.001798,0.001843,0.001753
KNC,KNC/USDT,kncusdt,2,4,0,2.4114,2.5653,1,0,1,0,2.4323,2.4141,2.4114,2.4281,2.4281,-9997.5859,2.4114,2.4281,2.5391,2.5391,False,False,1,2.4494,2.4114,2.4323,2.4289
SOFI,SOFI/USDT,sofiusdt,4,4,2,0.1184,0.1181,2,1,1,1,0.1186,0.1172,0.1162,0.1208,0.1208,0.1162,0.1184,0.1208,0.1172,0.1172,False,True,0,0.1223,0.1172,0.1208,0.1176
DIA,DIA/USDT,diausdt,4,4,0,0.4947,0.0,2,0,0,0,0.6,0.4989,0.4947,0.5377,0.5377,-9999.42,0.4947,0.5377,0.5051,0.5051,False,False,0,0.5349,0.4989,0.5377,0.58
CKB,CKB/USDT,ckbusdt,2,6,0,0.005002,0.005009,1,0,1,0,0.005027,0.005024,0.005002,0.005025,0.005025,-9999.994976,0.005002,0.005009,0.004983,0.004983,False,False,1,0.004998,0.005002,0.005027,0.005027
BNT,BNT/USDT,bntusdt,2,4,1,1.3839,1.3975,1,2,1,1,1.3919,1.3919,1.3897,1.3975,10001.3897,1.3897,1.3917,1.3975,1.3877,1.3877,False,False,1,1.3897,1.3897,1.3919,1.3919
CHZ,CHZ/USDT,chzusdt,4,6,0,0.122989,0.124472,1,0,1,0,0.124185,0.123678,0.122989,0.124159,0.124159,-9999.876322,0.122989,0.124159,0.123124,0.123124,False,False,1,0.123066,0.122989,0.124185,0.124185
HIT,HIT/USDT,hitusdt,4,8,2,0.0,8.35e-06,0,0,0,0,8.47e-06,8.05e-06,8.16e-06,8.35e-06,10000.00000805,-9999.99999178,8.65e-06,8.35e-06,8.65e-06,8.65e-06,False,False,0,0.0,8.05e-06,8.32e-06,8.35e-06
XPRT,XPRT/USDT,xprtusdt,4,4,1,0.0,1.6238,1,2,1,0,1.5844,1.5823,1.5773,1.6238,10001.5773,1.5773,1.6917,1.6238,1.7037,1.7037,False,False,1,1.5773,1.5773,1.5844,1.584
SPELL,SPELL/USDT,spellusdt,4,6,2,0.00142,0.00144,2,1,1,0,0.001488,0.001466,0.001417,0.001494,0.001494,-9999.998512,0.00142,0.00144,0.001478,0.001478,False,False,0,0.001417,0.001466,0.001494,0.001479
LUNR,LUNR/USDT,lunrusdt,4,4,2,0.0,0.0,1,0,0,0,0.2967,0.2786,0.27,0.2902,10000.2816,-9999.7129,0.2902,0.2902,0.2902,0.2902,False,False,1,0.0,0.27,0.2967,0.287
COTI,COTI/USDT,cotiusdt,2,4,2,0.1161,0.1169,1,2,1,1,0.1188,0.1169,0.1149,0.1194,10000.1159,0.1149,0.1161,0.1181,0.1113,0.1113,False,False,1,0.1194,0.1149,0.1188,0.1186
DOGE,DOGE/USDT,dogeusdt,2,6,0,0.085418,0.086302,1,0,1,0,0.085741,0.085544,0.085418,0.085682,0.085682,-9999.914451,0.085418,0.085682,0.085537,0.085537,False,False,1,0.085237,0.085418,0.085741,0.085677
ACH,ACH/USDT,achusdt,4,6,2,0.017787,0.019147,1,0,1,1,0.019822,0.019078,0.018507,0.019147,10000.018625,-9999.980817,0.018555,0.019147,0.016722,0.016722,False,False,1,0.018507,0.018507,0.019822,0.019184
AMP,AMP/USDT,ampusdt,4,6,0,0.013092,0.013379,1,0,1,0,0.013311,0.013183,0.013092,0.013184,0.013184,-9999.986796,0.013092,0.013184,0.013274,0.013274,False,False,1,0.013105,0.013092,0.013311,0.013223
IOTX,IOTX/USDT,iotxusdt,2,6,1,0.040638,0.042499,2,1,1,1,0.041563,0.041519,0.041441,0.041924,0.041924,0.041441,0.041819,0.041924,0.039901,0.039901,False,True,0,0.041441,0.041519,0.041924,0.041563
DHT,DHT/USDT,dhtusdt,4,4,1,0.1326,0.1335,0,1,0,1,0.1323,0.1323,0.1332,0.1335,10000.1323,0.1332,0.1332,0.1335,0.1341,0.1341,False,False,0,0.1386,0.1323,0.1335,0.1323
REEF,REEF/USDT,reefusdt,4,6,0,0.004422,0.004627,1,0,1,0,0.004472,0.00446,0.004422,0.004448,0.004448,-9999.99554,0.004422,0.004448,0.00453,0.00453,False,False,1,0.004396,0.004422,0.004472,0.004469
ONE,ONE/USDT,oneusdt,2,6,0,0.04883,0.05037,1,0,1,0,0.049555,0.049087,0.04883,0.049202,0.049202,-9999.950913,0.04883,0.049202,0.049364,0.049364,False,False,1,0.048651,0.04883,0.049555,0.049452
CAN,CAN/USDT,canusdt,4,6,2,0.0,0.0,0,0,0,0,0.000559,0.000538,0.000553,0.000553,10000.000552,-9999.999445,0.000553,0.000553,0.000553,0.000553,False,False,0,0.0,0.000538,0.000553,0.000555
HIVE,HIVE/USDT,hiveusdt,2,4,0,0.5158,0.5263,1,0,1,0,0.5185,0.5168,0.5158,0.5178,0.5178,-9999.4815,0.5158,0.5178,0.5171,0.5171,False,False,1,0.5199,0.5158,0.5185,0.5185
ICX,ICX/USDT,icxusdt,4,4,2,0.3851,0.3921,1,0,2,1,0.3918,0.3896,0.3867,0.3893,10000.3845,-9999.6104,0.3898,0.3893,0.3865,0.3865,False,False,1,0.3867,0.3867,0.3918,0.3918
ERN,ERN/USDT,ernusdt,4,4,1,2.1656,2.1493,1,2,1,1,2.1313,2.1208,2.1221,2.1493,10002.1221,2.1221,2.1656,2.1493,2.2265,2.2265,False,False,1,2.1221,2.1221,2.1313,2.1232
WXT,WXT/USDT,wxtusdt,2,6,1,0.012131,0.012046,1,2,1,1,0.012002,0.011892,0.011759,0.012046,10000.011794,0.011759,0.012131,0.012046,0.011974,0.011974,False,False,1,0.011759,0.011759,0.012002,0.012002
KMA,KMA/USDT,kmausdt,2,6,0,0.002417,0.002522,1,0,1,0,0.002504,0.002499,0.002417,0.002461,0.002461,-9999.997496,0.002417,0.002206,0.0025,0.0025,False,False,1,0.002461,0.002417,0.002504,0.002504
ARKN,ARKN/USDT,arknusdt,4,6,0,0.012161,0.0,1,0,0,0,0.012997,0.012997,0.012161,0.012165,0.012165,-9999.987003,0.012161,0.012165,0.01237,0.01237,False,False,1,0.013374,0.012161,0.012997,0.012997
EGLD,EGLD/USDT,egldusdt,4,4,1,91.8682,92.3626,1,2,1,1,91.431,90.9646,90.7123,92.3626,10090.7123,90.7123,92.0913,92.3626,91.8913,91.8913,False,False,1,90.7123,90.7123,91.431,91.431
ZEC*3,ZEC*3/USDT,zec3lusdt,4,8,0,7.313e-05,7.306e-05,2,1,1,1,7.462e-05,7.462e-05,7.313e-05,7.499e-05,7.499e-05,-9999.99992507,7.313e-05,7.306e-05,7.7e-05,7.7e-05,False,False,0,7.499e-05,7.462e-05,7.499e-05,7.462e-05
GLM,GLM/USDT,glmusdt,4,4,0,0.2659,0.261,1,0,1,0,0.3072,0.2675,0.2659,0.2668,0.2668,-9999.7285,0.2659,0.261,0.2621,0.2621,False,False,1,0.2668,0.2659,0.3072,0.2715
ARPA,ARPA/USDT,arpausdt,2,6,0,0.034149,0.034584,1,0,1,0,0.035005,0.034619,0.034149,0.034429,0.034429,-9999.965381,0.034149,0.034429,0.034397,0.034397,False,False,1,0.033673,0.034149,0.035005,0.035005
CSPR,CSPR/USDT,csprusdt,1,4,2,0.0398,0.0,0,1,0,1,0.0399,0.0395,0.0398,0.0399,10000.0398,-9999.96,0.0398,0.04,0.0398,0.0398,False,False,0,0.0399,0.0395,0.0399,0.0397
USDT,USDT/UAH,usdtuah,1,2,1,34.81,37.64,0,1,0,1,36.74,35.0,35.13,37.64,10035.0,35.13,35.13,37.64,36.13,36.13,False,False,0,36.75,35.0,37.64,35.6
ETH*3,ETH*3/USDT,eth3lusdt,4,4,1,0.5292,0.5268,1,2,1,1,0.5265,0.5251,0.5244,0.5268,10000.5244,0.5244,0.5252,0.5268,0.5171,0.5171,False,False,1,0.5244,0.5244,0.5265,0.5256
TRACE,TRACE/USDT,traceusdt,4,4,1,0.0,0.0696,1,2,1,1,0.0675,0.0675,0.0614,0.0696,10000.0614,0.0614,0.0653,0.0696,0.0644,0.0644,False,False,1,0.0614,0.0614,0.0675,0.0675
ELU,ELU/USDT,eluusdt,4,6,2,0.0,0.0,0,0,0,0,0.054353,0.052543,0.053532,0.053532,10000.053659,-9999.946526,0.053532,0.053532,0.053532,0.053532,False,False,0,0.0,0.052543,0.053755,0.053614
DOSE,DOSE/USDT,doseusdt,4,4,0,0.0354,0.0,1,0,0,1,0.0372,0.0356,0.0353,0.0379,0.0379,-9999.9632,0.0353,0.0373,0.0364,0.0364,True,False,1,0.0379,0.0353,0.0372,0.0366
ALGO,ALGO/USDT,algousdt,2,4,0,0.437,0.4483,1,0,1,0,0.4408,0.4394,0.437,0.4396,0.4396,-9999.5606,0.437,0.4396,0.44,0.44,False,False,1,0.4341,0.437,0.4408,0.4408
VSYS,VSYS/USDT,vsysusdt,2,6,2,0.0,0.004657,0,1,1,0,0.004673,0.004601,0.00462,0.004671,10000.004614,-9999.995384,0.004651,0.004657,0.004804,0.004804,False,False,0,0.00462,0.004601,0.004671,0.00462
OXT,OXT/USDT,oxtusdt,4,4,1,0.1341,0.1343,0,1,0,1,0.1333,0.1323,0.1335,0.1343,10000.1331,0.1335,0.1341,0.1343,0.1316,0.1316,False,False,0,0.1344,0.1323,0.1343,0.1331
MPL,MPL/USDT,mplusdt,4,4,2,0.0,24.1205,1,0,1,1,24.7839,24.7838,23.5079,24.1205,10023.5081,-9975.2162,24.0144,24.1205,24.0124,24.0124,False,False,1,23.5079,23.5079,24.7839,24.7838
BIX,BIX/USDT,bixusdt,4,6,2,0.0,0.0,1,2,0,1,0.026389,0.025944,0.025139,0.026511,10000.025882,0.025139,0.026469,0.026469,0.026469,0.026469,False,False,1,0.026511,0.025139,0.026389,0.026192
JASMY,JASMY/USDT,jasmyusdt,4,6,0,0.013031,0.0126,1,0,1,0,0.013498,0.013244,0.013031,0.013206,0.013206,-9999.986756,0.013031,0.013206,0.012693,0.012693,False,False,1,0.013954,0.013031,0.013498,0.013475
NBS,NBS/USDT,nbsusdt,2,6,2,0.004662,0.004727,0,1,1,1,0.004611,0.00459,0.004682,0.004729,10000.004611,-9999.995271,0.004695,0.004727,0.004828,0.004828,False,False,0,0.004682,0.00459,0.004729,0.004611
RLY,RLY/USDT,rlyusdt,2,4,1,0.0679,0.069,2,1,1,1,0.067,0.067,0.0669,0.0672,0.0672,0.0669,0.0669,0.0672,0.0681,0.0681,True,True,0,0.0661,0.067,0.0672,0.067
STORJ,STORJ/USDT,storjusdt,4,4,2,0.5741,0.5842,1,0,1,1,0.5959,0.5912,0.5837,0.5842,10000.5837,-9999.4088,0.5839,0.5842,0.6051,0.6051,False,False,1,0.5837,0.5837,0.5959,0.5953
IRIS,IRIS/USDT,irisusdt,2,6,2,0.0,0.024711,1,0,1,0,0.02575,0.024102,0.023909,0.024711,10000.024292,-9999.975203,0.024629,0.024711,0.024703,0.024703,False,False,1,0.023909,0.023909,0.02575,0.024641
WNDR,WNDR/USDT,wndrusdt,4,6,2,0.0,0.0,0,0,0,0,0.041499,0.038944,0.038351,0.038389,10000.038485,-9999.961049,0.038389,0.038389,0.038389,0.038389,False,False,1,0.0,0.038351,0.041499,0.039161
PEOPLE,PEOPLE/USDT,peopleusdt,4,6,0,0.027729,0.030779,1,0,1,0,0.030791,0.028125,0.027729,0.029488,0.029488,-9999.970555,0.027729,0.029488,0.032605,0.032605,False,False,1,0.027453,0.027729,0.030791,0.029557
SD,SD/USDT,sdusdt,4,4,2,0.0,0.0,1,2,0,0,1.1407,1.1203,1.1171,1.1493,10001.122,1.1171,1.1425,1.1425,1.1425,1.1425,False,False,1,0.0,1.1171,1.1407,1.1345
APN,APN/USDT,apnusdt,2,6,2,0.0,0.0,0,1,0,0,0.002434,0.002434,0.002574,0.002583,10000.002434,0.002821,0.002821,0.002821,0.002821,0.002821,False,False,0,0.0,0.002434,0.002583,0.002434
OPUL,OPUL/USDT,opulusdt,4,4,0,0.2056,0.2077,1,0,1,0,0.2113,0.2069,0.2056,0.2073,0.2073,-9999.7907,0.2056,0.2073,0.2165,0.2165,False,False,1,0.2046,0.2056,0.2113,0.2093
XCN,XCN/USDT,xcnusdt,4,6,0,0.097011,0.0,1,2,0,1,0.097648,0.097605,0.097515,0.097682,0.097682,0.097515,0.097515,0.090485,0.090485,0.090485,True,False,1,0.097682,0.097515,0.097648,0.097627
INSUR,INSUR/USDT,insurusdt,4,4,2,0.0,0.0,1,0,0,0,0.3352,0.3171,0.3106,0.3332,10000.3157,-9999.6687,0.3325,0.3325,0.3325,0.3325,False,False,1,0.0,0.3106,0.3352,0.3316
SNT,SNT/USDT,sntusdt,4,6,1,0.035496,0.036596,1,2,1,1,0.036035,0.035912,0.035651,0.036288,0.036288,0.035651,0.035651,0.036288,0.036109,0.036109,True,True,1,0.035549,0.035651,0.036035,0.036035
USDC,USDC/USDT,usdcusdt,4,4,2,0.0,0.0,0,0,0,0,1.0014,1.001,1.0012,1.0012,10001.0012,-9998.9988,1.0012,1.0012,1.0012,1.0012,False,False,0,0.0,1.001,1.0013,1.0011
EPIK,EPIK/USDT,epikusdt,4,6,0,0.023708,0.02436,1,2,1,1,0.023971,0.023971,0.0238,0.024375,0.024375,0.0238,0.0238,0.024126,0.023282,0.023282,True,False,1,0.024375,0.0238,0.023971,0.023971
XEC,XEC/USDT,xecusdt,2,8,0,4.886e-05,4.842e-05,1,0,1,0,5.006e-05,4.96e-05,4.886e-05,4.955e-05,4.955e-05,-9999.99995025,4.886e-05,4.842e-05,4.695e-05,4.695e-05,False,False,1,4.767e-05,4.886e-05,5.006e-05,4.985e-05
BTM,BTM/USDT,btmusdt,2,6,2,0.01014,0.01015,2,1,1,1,0.010114,0.010114,0.010109,0.010157,0.010157,0.010112,0.010109,0.010157,0.010068,0.010068,True,True,0,0.01065,0.010114,0.010157,0.010114
XTZ,XTZ/USDT,xtzusdt,4,4,0,1.9419,1.9933,1,0,1,0,1.9781,1.9692,1.9419,1.9556,1.9556,-9998.0308,1.9419,1.9556,1.948,1.948,False,False,1,1.9358,1.9419,1.9781,1.9757
SUKU,SUKU/USDT,sukuusdt,4,4,1,0.0,0.1248,1,2,1,0,0.1247,0.1235,0.1228,0.1248,10000.1229,0.1228,0.1232,0.1248,0.1238,0.1238,False,False,1,0.1228,0.1228,0.1247,0.1244
XTM,XTM/USDT,xtmusdt,4,4,1,0.0,0.0547,0,1,0,1,0.0524,0.0498,0.0512,0.0547,10000.0506,0.0512,0.0525,0.0547,0.0525,0.0525,False,False,0,0.0527,0.0498,0.0547,0.0503
FITFI,FITFI/USDT,fitfiusdt,4,6,1,0.16969,0.175165,1,2,1,1,0.170977,0.170048,0.168675,0.171345,0.171345,0.168675,0.168675,0.171345,0.175942,0.175942,True,True,1,0.1678,0.168675,0.170977,0.170792
TT,TT/USDT,ttusdt,2,6,1,0.006383,0.00645,2,1,1,1,0.006354,0.006304,0.006308,0.006381,0.006381,0.006308,0.006387,0.006381,0.006262,0.006262,False,True,0,0.006308,0.006304,0.006381,0.006344
HPT,HPT/USDT,hptusdt,4,6,0,0.002004,0.0,2,1,0,1,0.002005,0.002004,0.002004,0.002006,0.002006,-9999.997994,0.002004,0.002005,0.002003,0.002003,False,False,0,0.002006,0.002004,0.002006,0.002005
KAVA,KAVA/USDT,kavausdt,2,4,0,2.7312,2.7386,1,0,1,0,2.7483,2.7342,2.7312,2.7423,2.7423,-9997.2658,2.7312,2.7386,2.7597,2.7597,False,False,1,2.7233,2.7312,2.7483,2.7483
INJ,INJ/USDT,injusdt,4,4,2,2.2533,2.255,1,0,1,1,2.2604,2.2444,2.2113,2.255,10002.2229,-9997.7556,2.2533,2.255,2.285,2.285,False,False,1,2.2113,2.2113,2.2604,2.2604
OGN,OGN/USDT,ognusdt,2,4,1,0.2413,0.2408,2,1,1,1,0.2408,0.2402,0.2401,0.2408,0.2408,0.2401,0.2401,0.2408,0.2442,0.2442,True,True,0,0.2388,0.2402,0.2408,0.2402
BULL,BULL/USDT,bullusdt,2,6,1,0.0,0.023701,0,1,0,1,0.023459,0.02302,0.023253,0.023701,10000.023104,0.023253,0.024823,0.023701,0.024823,0.024823,False,False,0,0.023253,0.02302,0.023701,0.023102
QRDO,QRDO/USDT,qrdousdt,4,4,2,0.5401,0.5352,1,2,1,1,0.5409,0.5409,0.5394,0.5425,0.5425,0.5394,0.5394,0.5352,0.5203,0.5203,True,False,1,0.5308,0.5394,0.5409,0.5409
AUDIO,AUDIO/USDT,audiousdt,4,4,2,0.4532,0.4674,1,2,1,1,0.4705,0.4659,0.4624,0.4703,0.4703,0.4624,0.4624,0.4674,0.4599,0.4599,True,False,1,0.4551,0.4624,0.4705,0.4693
ELA,ELA/USDT,elausdt,2,4,0,1.929,1.9322,2,1,1,1,1.9889,1.9237,1.929,1.9909,1.9909,-9998.0259,1.929,1.9322,1.9463,1.9463,False,False,0,1.9909,1.9237,1.9909,1.9672
BADGER,BADGER/USDT,badgerusdt,4,4,1,5.9544,5.9195,1,2,1,1,5.8902,5.8876,5.8415,5.9195,10005.8415,5.8415,5.9544,5.9195,5.781,5.781,False,False,1,5.8415,5.8415,5.8902,5.8902
CVC,CVC/USDT,cvcusdt,2,4,2,0.1916,0.1877,1,2,1,1,0.1909,0.1909,0.1864,0.1971,10000.1875,0.1864,0.1916,0.1926,0.1883,0.1883,False,False,1,0.1971,0.1864,0.1909,0.1909
PRQ,PRQ/USDT,prqusdt,4,4,0,0.1219,0.1186,2,1,1,1,0.1235,0.1235,0.1224,0.1236,0.1236,0.1224,0.1224,0.1236,0.1173,0.1173,True,True,0,0.1266,0.1235,0.1236,0.1235
MOOV,MOOV/USDT,moovusdt,4,6,2,0.014,0.0,2,0,0,1,0.014588,0.013368,0.01351,0.01418,0.01418,-9999.985816,0.014,0.01418,0.014161,0.014161,False,False,0,0.01449,0.013368,0.01418,0.01412
BABYDOGE,BABYDOGE/USDT,babydogeusdt,2,12,2,1.636e-09,1.72e-09,0,1,1,1,1.653e-09,1.614e-09,1.636e-09,1.797e-09,10000.000000001633,-9999.999999998261,1.636e-09,1.689e-09,1.626e-09,1.626e-09,False,False,0,1.797e-09,1.614e-09,1.797e-09,1.637e-09
GMT,GMT/USDT,gmtusdt,4,4,1,1.4016,1.4338,1,2,1,1,1.4021,1.3982,1.3891,1.4016,1.4016,1.3891,1.3891,1.4016,1.395,1.395,True,True,1,1.3806,1.3891,1.4021,1.401
VET,VET/USDT,vetusdt,4,6,0,0.031465,0.031675,1,0,1,0,0.031919,0.031787,0.031465,0.031655,0.031655,-9999.968213,0.031465,0.031655,0.031849,0.031849,False,False,1,0.031409,0.031465,0.031919,0.031919
FLOKI,FLOKI/USDT,flokiusdt,2,8,2,1.042e-05,0.0,0,1,0,1,1.044e-05,1.035e-05,1.042e-05,1.064e-05,10000.0000104,-9999.99998941,1.042e-05,1.045e-05,1.045e-05,1.045e-05,False,False,0,1.064e-05,1.035e-05,1.064e-05,1.04e-05
WNXM,WNXM/USDT,wnxmusdt,4,4,2,17.2871,0.0,0,0,0,0,17.8465,17.1367,17.2871,17.5682,10017.2832,-9982.4868,17.2871,17.5682,17.4042,17.4042,False,False,1,17.7571,17.2871,17.8465,17.4863
NEAR,NEAR/USDT,nearusdt,2,4,1,6.1922,6.2574,1,2,1,1,6.2081,6.1769,6.1104,6.2574,10006.1225,6.1104,6.2153,6.2574,6.2391,6.2391,False,False,1,6.1104,6.1104,6.2081,6.2048
GF,GF/USDT,gfusdt,4,4,1,0.5354,0.5198,0,1,0,1,0.5197,0.5174,0.5185,0.5198,10000.5184,0.5185,0.5369,0.5198,0.4981,0.4981,False,False,0,0.5185,0.5174,0.5198,0.519
GRT,GRT/USDT,grtusdt,4,6,0,0.160291,0.161217,0,1,0,1,0.162836,0.161893,0.160291,0.163086,0.161217,-9999.837842,0.160291,0.161217,0.163707,0.163707,False,False,0,0.163086,0.161893,0.163086,0.162554
GMPD,GMPD/USDT,gmpdusdt,2,6,0,0.050015,0.050044,1,0,1,0,0.050096,0.05004,0.050015,0.050044,0.050044,-9999.949932,0.050015,0.050044,0.050042,0.050042,False,False,1,0.050007,0.050015,0.050096,0.050068
GALFT,GALFT/USDT,galftusdt,6,4,0,2.3296,0.0,1,0,0,0,2.622,2.2853,2.3296,2.5575,2.5575,-9997.6218,2.3296,2.2938,2.2938,2.2938,False,False,1,0.0,2.3296,2.622,2.3646
ELON,ELON/USDT,elonusdt,2,9,1,5e-07,5.15e-07,2,1,1,1,5.12e-07,5.08e-07,5.05e-07,5.14e-07,5.14e-07,5.05e-07,5.13e-07,5.14e-07,5.09e-07,5.09e-07,False,True,0,5.05e-07,5.08e-07,5.14e-07,5.09e-07
WTC,WTC/USDT,wtcusdt,4,4,2,0.199,0.1995,0,1,1,1,0.1969,0.1953,0.199,0.2002,10000.196,-9999.7998,0.199,0.1999,0.2007,0.2007,False,False,0,0.2002,0.1953,0.2002,0.196
ZEC*(-3),ZEC*(-3)/USDT,zec3susdt,4,10,0,0.0,0.0,2,1,0,1,1.123e-07,1.123e-07,1.11e-07,1.137e-07,1.137e-07,1.11e-07,1.11e-07,1.137e-07,1.11e-07,1.11e-07,True,True,0,1.139e-07,1.123e-07,1.137e-07,1.123e-07
SUSHI,SUSHI/USDT,sushiusdt,4,4,0,1.4636,1.4511,1,0,1,0,1.5143,1.4941,1.4636,1.4783,1.4783,-9998.5035,1.4636,1.4783,1.4379,1.4379,False,False,1,1.5258,1.4636,1.5143,1.5119
BTT,BTT/USDT,bttusdt,4,10,0,1.1225e-06,0.0,2,0,0,1,1.141e-06,1.1289e-06,1.1225e-06,1.1354e-06,1.1354e-06,-9999.9999988631,1.1225e-06,1.1341e-06,1.1341e-06,1.1341e-06,False,False,0,1.1354e-06,1.1289e-06,1.1354e-06,1.138e-06
HOLO,HOLO/USDT,holousdt,4,6,0,0.0,0.0,0,0,0,0,0.002474,0.002474,0.002474,0.002474,0.002474,0.002474,0.002474,0.002474,0.002474,0.002474,False,False,0,0.0,0.002474,0.002474,0.002474
XRP,XRP/USDT,xrpusdt,2,5,2,0.42126,0.0,1,2,0,1,0.42055,0.41931,0.41751,0.42479,10000.41962,0.41751,0.42126,0.42466,0.41762,0.41762,False,False,1,0.42479,0.41751,0.42055,0.42019
XMX,XMX/USDT,xmxusdt,2,8,2,0.0,0.0,2,1,0,0,1.91e-05,1.892e-05,1.9e-05,1.964e-05,1.964e-05,-9999.99998012,2.01e-05,2.01e-05,2.01e-05,2.01e-05,False,False,0,0.0,1.892e-05,1.964e-05,1.9e-05
GLMR,GLMR/USDT,glmrusdt,4,4,0,1.2251,1.2271,1,0,1,0,1.2387,1.233,1.2251,1.237,1.237,-9998.767,1.2251,1.237,1.1909,1.1909,False,False,1,1.2537,1.2251,1.2387,1.238
NSURE,NSURE/USDT,nsureusdt,4,4,2,0.0,0.0,0,1,0,0,0.0226,0.0209,0.0219,0.0226,10000.0216,-9999.9779,0.022,0.022,0.022,0.022,False,False,0,0.0,0.0209,0.0226,0.0216
LINA,LINA/USDT,linausdt,4,6,1,0.01019,0.010233,2,1,1,1,0.010071,0.009986,0.009983,0.010142,0.010142,0.009983,0.010534,0.010142,0.009608,0.009608,False,True,0,0.009983,0.009986,0.010142,0.010061
BAND,BAND/USDT,bandusdt,2,4,0,1.8253,1.8318,2,1,1,1,1.8423,1.8408,1.8253,1.8417,1.8417,-9998.1585,1.8253,1.8318,1.8318,1.8318,False,False,0,1.8417,1.8408,1.8417,1.8408
BTC*3,BTC*3/USDT,btc3lusdt,4,4,1,2.9983,3.0591,1,2,1,1,3.0572,3.0572,3.0294,3.0575,3.0575,3.0294,3.0294,3.0575,2.974,2.974,True,True,1,3.0215,3.0294,3.0572,3.0572
USDT,USDT/HUSD,usdthusd,4,4,0,0.0,0.0,0,0,0,0,0.9991,0.9987,0.9987,0.9987,0.9987,-9999.0011,0.9987,0.9987,0.9987,0.9987,False,False,0,0.0,0.9987,0.9988,0.9989
SOS,SOS/USDT,sosusdt,2,8,2,0.0,0.0,1,2,0,0,5.8e-07,5.2e-07,5.1e-07,6.7e-07,10000.00000056,5.1e-07,5.8e-07,5.8e-07,5.8e-07,5.8e-07,False,False,1,0.0,5.1e-07,5.8e-07,5.4e-07
REQ,REQ/USDT,requsdt,1,4,2,0.1135,0.0,0,1,0,1,0.1135,0.1135,0.1147,0.1153,10000.1135,0.1135,0.1147,0.1157,0.1138,0.1138,False,True,0,0.1153,0.1135,0.1153,0.1135
CUDOS,CUDOS/USDT,cudosusdt,4,6,2,0.0,0.0,0,1,0,0,0.010746,0.010391,0.011397,0.011416,10000.010559,-9999.988584,0.011414,0.011414,0.011414,0.011414,False,False,0,0.0,0.010391,0.011416,0.010549
MONO,MONO/USDT,monousdt,4,4,2,0.4974,0.0,0,1,0,1,0.4652,0.465,0.4974,0.5014,10000.4652,-9999.4986,0.4974,0.4592,0.4592,0.4592,False,False,0,0.5014,0.465,0.5014,0.4652
SOL,SOL/USDT,solusdt,2,4,2,51.3029,52.1497,1,2,1,1,52.2995,52.162,52.0006,52.3935,52.3935,52.0006,52.0006,52.1497,51.3394,51.3394,True,False,1,51.8147,52.0006,52.2995,52.2664
WICC,WICC/USDT,wiccusdt,4,4,1,0.0762,0.0772,0,1,0,1,0.077,0.0737,0.0757,0.0772,10000.0753,0.0757,0.0762,0.0772,0.0753,0.0753,False,False,0,0.0788,0.0737,0.0772,0.0769
UNI*2,UNI*2/USDT,uni2lusdt,4,6,0,0.0764,0.0,1,2,0,1,0.082003,0.082003,0.081876,0.0837,0.0837,0.081876,0.081876,0.078269,0.078269,0.078269,True,False,1,0.0837,0.081876,0.082003,0.082003
XRT,XRT/USDT,xrtusdt,4,4,0,4.1869,4.4008,1,0,1,0,4.3653,4.1775,4.1869,4.3113,4.3113,-9995.7743,4.1869,4.3113,4.5256,4.5256,False,False,1,4.1585,4.1869,4.3653,4.256
DAO,DAO/USDT,daousdt,4,4,2,1.8097,1.8753,0,1,1,1,1.8454,1.8453,1.8581,1.8754,10001.8454,-9998.1246,1.8591,1.8753,1.7957,1.7957,False,False,0,1.8581,1.8453,1.8754,1.8454
RACA,RACA/USDT,racausdt,4,6,2,0.000563,0.000557,1,0,1,1,0.000584,0.000557,0.000552,0.000557,10000.000552,-9999.999435,0.000562,0.000557,0.000564,0.000564,False,False,1,0.000552,0.000552,0.000584,0.000565
BOO,BOO/USDT,boousdt,4,4,0,4.3,0.0,1,0,0,0,4.82,4.4,4.3,4.4742,4.4742,-9995.18,4.3,4.4742,4.395,4.395,False,False,1,0.0,4.3,4.82,4.82
BREED,BREED/USDT,breedusdt,4,4,0,0.111,0.0,1,0,0,0,0.1145,0.1121,0.111,0.1123,0.1123,-9999.8875,0.111,0.1126,0.1126,0.1126,False,False,1,0.0,0.111,0.1145,0.1132
DODO,DODO/USDT,dodousdt,4,4,0,0.1429,0.1456,1,0,1,0,0.1452,0.1442,0.1429,0.1445,0.1445,-9999.8558,0.1429,0.1445,0.1437,0.1437,False,False,1,0.142,0.1429,0.1452,0.1447
PAX,PAX/USDT,paxusdt,4,4,1,0.0,1.0011,2,1,1,0,1.001,1.0009,1.0009,1.001,1.001,1.0009,1.001,1.001,1.0013,1.0013,False,True,0,1.0009,1.0009,1.001,1.001
LINK*3,LINK*3/USDT,link3lusdt,4,10,1,7.5392e-06,7.8188e-06,1,2,1,1,7.3141e-06,7.3141e-06,7.2448e-06,7.8188e-06,10000.0000072448,7.2448e-06,7.5392e-06,7.8188e-06,7.4e-06,7.4e-06,False,False,1,7.2448e-06,7.2448e-06,7.3141e-06,7.3141e-06
BAGS,BAGS/USDT,bagsusdt,4,4,1,0.0,1.49,1,2,1,1,1.39,1.3899,1.3038,1.3901,1.3901,1.3038,1.3038,1.3901,1.298,1.298,True,True,1,1.3001,1.3038,1.39,1.39
NUM,NUM/USDT,numusdt,4,4,2,0.0,0.0,0,0,0,0,0.1059,0.0948,0.099,0.0996,10000.1003,-9999.8996,0.099,0.099,0.099,0.099,False,False,0,0.0,0.0948,0.0996,0.1004
STRM,STRM/USDT,strmusdt,4,4,2,0.0,0.0,1,0,0,0,0.2272,0.2144,0.2076,0.2216,10000.2161,-9999.7789,0.2216,0.2216,0.2216,0.2216,False,False,1,0.0,0.2076,0.2272,0.2187
ONSTON,ONSTON/USDT,onstonusdt,4,6,2,0.045696,0.0,0,1,0,1,0.045927,0.045402,0.045696,0.048666,10000.04587,-9999.952877,0.045696,0.046443,0.045084,0.045084,False,False,0,0.048666,0.045402,0.048666,0.04551
CVP,CVP/USDT,cvpusdt,4,4,2,0.0,0.0,0,1,0,0,0.3516,0.3354,0.3468,0.3563,10000.3467,-9999.6505,0.3488,0.3488,0.3488,0.3488,False,False,0,0.0,0.3354,0.3563,0.3497
STF,STF/USDT,stfusdt,4,4,2,0.0115,0.0116,1,2,1,1,0.0116,0.0116,0.0115,0.0116,0.0116,0.0115,0.0115,0.0116,0.0124,0.0124,True,True,1,0.0119,0.0115,0.0116,0.0116
DASH,DASH/USDT,dashusdt,4,2,2,61.24,62.32,1,0,1,1,62.42,62.04,60.96,62.32,10061.38,-9937.81,61.85,62.32,59.04,59.04,False,False,1,60.96,60.96,62.42,62.34
CRO,CRO/USDT,crousdt,2,6,0,0.193483,0.195764,1,0,1,0,0.196018,0.1948,0.193483,0.194919,0.194919,-9999.804425,0.193483,0.194919,0.192219,0.192219,False,False,1,0.192009,0.193483,0.196018,0.195953
CEEK,CEEK/USDT,ceekusdt,4,4,0,0.1805,0.1841,1,0,1,0,0.1852,0.18,0.1805,0.1827,0.1827,-9999.8171,0.1805,0.1827,0.1815,0.1815,False,False,1,0.183,0.1818,0.1852,0.1829
GST,GST/USDT,gstusdt,4,4,0,2.8234,2.915,1,2,1,1,2.9074,2.8828,2.8714,2.9293,2.9293,2.8714,2.8714,2.8412,2.9279,2.9279,True,False,1,2.9293,2.8714,2.9074,2.896
LQTY,LQTY/USDT,lqtyusdt,4,4,1,0.0,1.6519,0,1,0,0,1.6348,1.6348,1.638,1.6519,10001.6348,1.6469,1.638,1.6519,1.6351,1.6351,False,False,0,1.603,1.6348,1.6519,1.6348
XEM,XEM/USDT,xemusdt,4,4,2,0.059,0.0,1,2,0,1,0.0576,0.0572,0.0567,0.0601,10000.057,0.0567,0.059,0.0597,0.0634,0.0634,False,False,1,0.0601,0.0567,0.0576,0.0576
RNDR,RNDR/USDT,rndrusdt,4,4,0,0.8857,0.9077,1,0,1,0,0.8962,0.895,0.8857,0.8928,0.8928,-9999.105,0.8857,0.8928,0.9043,0.9043,False,False,1,0.8803,0.8857,0.8962,0.8958
LOVE,LOVE/USDT,loveusdt,2,8,2,0.0,0.0,1,0,0,0,0.00609536,0.0060081,0.00594472,0.00599432,10000.00599443,-9999.99394645,0.00599432,0.00599432,0.00599432,0.00599432,False,False,1,0.0,0.00594472,0.00609536,0.00606901
SDN,SDN/USDT,sdnusdt,2,4,0,0.3965,0.4077,2,1,1,1,0.4045,0.4045,0.3965,0.4072,0.4072,-9999.5928,0.3965,0.3985,0.4127,0.4127,False,False,0,0.4072,0.4045,0.4072,0.4045
SHIB,SHIB/USDT,shibusdt,2,8,2,1.186e-05,1.199e-05,1,2,1,1,1.195e-05,1.189e-05,1.179e-05,1.204e-05,10000.00001186,1.179e-05,1.186e-05,1.19e-05,1.182e-05,1.182e-05,False,False,1,1.204e-05,1.179e-05,1.195e-05,1.193e-05
HC,HC/USDT,hcusdt,4,4,2,0.0,0.0,0,0,0,0,0.1607,0.1499,0.1561,0.1625,10000.1539,0.1625,0.1625,0.1625,0.1625,0.1625,False,False,1,0.0,0.1561,0.1607,0.157
ROCO,ROCO/USDT,rocousdt,4,4,1,0.1123,0.1179,0,1,0,1,0.1143,0.1122,0.1147,0.1179,10000.1138,0.1147,0.1149,0.1179,0.1113,0.1113,False,False,0,0.1147,0.1122,0.1179,0.1138
CAKE,CAKE/USDT,cakeusdt,4,4,0,4.8376,0.0,1,0,0,0,4.9794,4.9119,4.8376,4.9047,4.9047,-9995.0412,4.8376,4.7681,4.7188,4.7188,False,False,1,4.8544,4.8376,4.9794,4.9641
TLM,TLM/USDT,tlmusdt,4,6,0,0.038661,0.039765,1,2,1,1,0.039338,0.039245,0.03883,0.039386,0.039386,0.03883,0.03883,0.038815,0.039615,0.039615,True,False,1,0.039386,0.03883,0.039338,0.039316
EOS*3,EOS*3/USDT,eos3lusdt,4,10,0,7.88e-06,8.28e-06,1,0,1,0,8.12e-06,8.12e-06,7.88e-06,8.04e-06,8.04e-06,-9999.99999188,7.88e-06,8.04e-06,8.0857e-06,8.0857e-06,False,False,1,7.8531e-06,7.88e-06,8.12e-06,8.12e-06
GARI,GARI/USDT,gariusdt,2,6,2,0.0,0.0,1,0,0,0,0.656687,0.646791,0.6465,0.652641,10000.6465,-9999.345551,0.652641,0.652641,0.652641,0.652641,False,False,1,0.0,0.6465,0.656687,0.650097
XCH,XCH/USDT,xchusdt,4,4,2,0.0,36.4013,1,2,1,0,36.98,36.5343,36.1666,37.2788,37.2788,36.1666,36.1666,36.4013,36.5136,36.5136,True,False,1,35.9268,36.1666,36.98,36.8408
BIT,BIT/USDT,bitusdt,4,4,1,0.0,0.804,2,1,1,1,0.8,0.8,0.8,0.804,0.804,0.8,0.8032,0.804,0.8032,0.8032,False,True,0,0.8,0.8,0.804,0.8
RLC,RLC/USDT,rlcusdt,4,4,0,0.9161,0.9377,1,0,1,0,0.9307,0.9256,0.9161,0.9224,0.9224,-9999.0744,0.9161,0.9224,0.9146,0.9146,False,False,1,0.9032,0.9161,0.9307,0.9307
1SOL,1SOL/USDT,1solusdt,4,4,2,0.1053,0.1057,0,1,1,1,0.1051,0.1039,0.1053,0.1055,10000.1043,-9999.8945,0.1053,0.1054,0.1051,0.1051,False,False,0,0.1055,0.1039,0.1055,0.1042
EM,EM/USDT,emusdt,2,6,2,0.002022,0.00207,1,2,1,1,0.002127,0.002127,0.001971,0.002136,10000.001971,0.001971,0.002022,0.00207,0.002005,0.002005,False,False,1,0.002136,0.001971,0.002127,0.002127
LTC*3,LTC*3/USDT,ltc3lusdt,4,6,2,0.003901,0.003876,1,2,1,1,0.003932,0.003932,0.003882,0.004034,10000.003882,0.003882,0.003901,0.003876,0.003997,0.003997,False,False,1,0.004034,0.003882,0.003932,0.003932
IOI,IOI/USDT,ioiusdt,4,4,1,0.0,0.4988,1,2,1,0,0.4757,0.4757,0.4755,0.4872,0.4872,0.4755,0.4755,0.4872,0.5047,0.5047,True,True,1,0.4755,0.4755,0.4757,0.4757
YAM,YAM/USDT,yamusdt,4,4,2,0.0,0.0,0,0,0,0,0.2102,0.2102,0.222,0.222,10000.2102,0.222,0.222,0.222,0.222,0.222,False,False,0,0.0,0.2102,0.222,0.2102
EOS*(-3),EOS*(-3)/USDT,eos3susdt,4,8,1,1.615e-05,1.634e-05,0,1,0,1,1.582e-05,1.582e-05,1.607e-05,1.634e-05,10000.00001582,1.621e-05,1.607e-05,1.634e-05,1.609e-05,1.609e-05,False,False,0,1.653e-05,1.582e-05,1.634e-05,1.582e-05
RAIN,RAIN/USDT,rainusdt,4,4,1,0.1339,0.137,0,1,0,1,0.136,0.1333,0.1359,0.137,10000.1357,0.136,0.1359,0.137,0.1346,0.1346,False,False,0,0.1371,0.1333,0.137,0.1355
HUNT,HUNT/USDT,huntusdt,4,4,0,0.5047,0.0,2,1,0,1,0.5236,0.508,0.5047,0.5322,0.5322,-9999.4798,0.5047,0.5069,0.5069,0.5069,False,False,0,0.5322,0.508,0.5322,0.5109
NANO,NANO/USDT,nanousdt,4,4,2,1.1352,1.1369,0,1,1,1,1.1367,1.1317,1.1352,1.1445,10001.1317,-9998.8568,1.1352,1.1372,1.1357,1.1357,False,False,0,1.1445,1.1317,1.1445,1.1317
AIOZ,AIOZ/USDT,aiozusdt,4,4,1,0.1058,0.109,1,2,1,1,0.1061,0.106,0.1056,0.109,10000.1059,0.1056,0.1078,0.109,0.1037,0.1037,False,False,1,0.1056,0.1056,0.1061,0.1061
SNX,SNX/USDT,snxusdt,2,4,0,2.7162,2.7474,1,0,1,0,2.7908,2.7269,2.7162,2.751,2.751,-9997.2662,2.7162,2.751,2.7173,2.7173,False,False,1,2.7941,2.7162,2.7908,2.7581
EFI,EFI/USDT,efiusdt,4,4,1,0.2346,0.2338,1,2,1,1,0.2318,0.2318,0.2271,0.2338,10000.2275,0.2271,0.2346,0.2338,0.2176,0.2176,False,False,1,0.2271,0.2271,0.2318,0.2318
BLZ,BLZ/USDT,blzusdt,2,4,0,0.0788,0.0811,1,0,1,0,0.0795,0.0795,0.0788,0.079,0.079,-9999.9205,0.0788,0.079,0.0803,0.0803,False,False,1,0.0781,0.0788,0.0795,0.0795
WPCI,WPCI/USDT,wpciusdt,4,4,2,0.0,0.0,1,0,0,0,0.4078,0.4048,0.4013,0.4021,10000.4031,-9999.5952,0.4021,0.4021,0.4021,0.4021,False,False,1,0.0,0.4013,0.4078,0.4052
ORB,ORB/USDT,orbusdt,4,6,0,0.104195,0.102276,1,0,1,0,0.105378,0.104597,0.104195,0.105061,0.105061,-9999.895403,0.104195,0.101842,0.100557,0.100557,False,False,1,0.104624,0.104195,0.105378,0.105378
O3,O3/USDT,o3usdt,2,4,2,0.2055,0.0,0,1,0,1,0.2138,0.205,0.2055,0.2449,10000.2054,-9999.7752,0.2055,0.2009,0.2009,0.2009,False,False,0,0.2449,0.205,0.2449,0.2055
TRIBE,TRIBE/USDT,tribeusdt,4,4,2,0.2526,0.2525,1,2,1,1,0.2523,0.2503,0.2509,0.2552,10000.2509,0.2509,0.2526,0.2537,0.2554,0.2554,False,False,1,0.2552,0.2509,0.2523,0.2521
BRWL,BRWL/USDT,brwlusdt,4,6,1,0.0,0.0194,1,2,1,0,0.018821,0.017716,0.017865,0.0194,10000.0181,0.017865,0.018924,0.0194,0.016813,0.016813,False,False,1,0.017865,0.017865,0.018821,0.018081
H2O,H2O/USDT,h2ousdt,4,6,2,0.598777,0.0,0,0,0,1,0.602,0.597,0.598777,0.601495,10000.600441,-9999.399716,0.598777,0.601,0.599,0.599,False,False,0,0.601495,0.597,0.601495,0.60027
HOTCROSS,HOTCROSS/USDT,hotcrossusdt,4,4,1,0.0,0.0815,0,1,0,0,0.0826,0.0719,0.0782,0.0815,10000.0751,0.0782,0.0799,0.0815,0.0808,0.0808,False,False,0,0.0782,0.0719,0.0815,0.0747
XYO,XYO/USDT,xyousdt,4,6,0,0.009642,0.009437,1,0,1,0,0.010352,0.00989,0.009642,0.009687,0.009687,-9999.989905,0.009642,0.009687,0.009635,0.009635,False,False,1,0.00936,0.009642,0.010352,0.010095
CMT,CMT/USDT,cmtusdt,4,6,2,0.003668,0.0,0,0,0,1,0.00375,0.003629,0.003668,0.003732,10000.003659,-9999.996258,0.003668,0.003713,0.003631,0.003631,False,False,0,0.003732,0.003629,0.003732,0.003686
KLAY,KLAY/USDT,klayusdt,4,4,0,0.4843,0.4733,1,0,1,0,0.5049,0.5008,0.4843,0.4932,0.4932,-9999.4992,0.4843,0.4686,0.4639,0.4639,False,False,1,0.4932,0.4843,0.5049,0.5049
ZKS,ZKS/USDT,zksusdt,4,4,2,0.0,0.0,2,1,0,0,0.0582,0.0576,0.0569,0.0592,0.0592,0.0569,0.0593,0.0592,0.0593,0.0593,False,True,0,0.0,0.0576,0.0592,0.0576
OCN,OCN/USDT,ocnusdt,4,8,2,0.0,0.0,1,2,0,1,0.00011719,0.00011499,0.00011426,0.00012466,10000.00011627,0.00011426,0.00012148,0.00012148,0.00012148,0.00012148,False,False,1,0.00012466,0.00011426,0.00011719,0.00011539
ZEC,ZEC/USDT,zecusdt,4,2,0,105.47,106.31,1,0,1,0,107.25,106.58,105.47,106.46,106.46,-9893.42,105.47,106.46,108.12,108.12,False,False,1,105.17,105.47,107.25,107.23
LBA,LBA/USDT,lbausdt,4,6,1,0.0,0.001353,0,1,0,0,0.001315,0.001285,0.001318,0.001353,10000.001301,0.001318,0.001357,0.001353,0.001357,0.001357,False,False,0,0.0,0.001285,0.001353,0.001297
MGG,MGG/USDT,mggusdt,4,6,2,0.0,0.023895,2,0,1,0,0.023235,0.022122,0.022069,0.022931,0.022931,-9999.977221,0.023179,0.022931,0.023789,0.023789,False,False,0,0.022069,0.022122,0.022931,0.022918
FX,FX/USDT,fxusdt,4,4,2,0.0,0.0,1,0,0,0,0.2765,0.2709,0.2667,0.2739,10000.2741,-9999.7274,0.2729,0.2729,0.2729,0.2729,False,False,1,0.0,0.2667,0.2765,0.2727
IDEX,IDEX/USDT,idexusdt,4,4,1,0.0,0.0896,1,2,1,0,0.0892,0.0891,0.0886,0.0896,10000.0887,0.0886,0.089,0.0896,0.094,0.094,False,False,1,0.0886,0.0886,0.0892,0.0892
BTS,BTS/USDT,btsusdt,2,4,2,0.0129,0.0131,1,2,1,1,0.013,0.013,0.0127,0.0132,10000.0127,0.0127,0.0129,0.0131,0.0129,0.0129,False,False,1,0.0132,0.0127,0.013,0.013
UNI*(-2),UNI*(-2)/USDT,uni2susdt,4,6,2,0.720829,0.702776,0,1,1,1,0.705385,0.703316,0.720829,0.728368,10000.705385,-9999.273278,0.720829,0.698362,0.721345,0.721345,False,False,0,0.728368,0.703316,0.728368,0.703316
BCH,BCH/USDT,bchusdt,4,2,0,196.32,198.21,1,0,1,0,197.85,197.35,196.32,197.29,197.29,-9802.65,196.32,197.29,196.89,196.89,False,False,1,195.55,196.32,197.85,197.85
IMX,IMX/USDT,imxusdt,4,4,1,0.9703,0.9798,1,2,1,1,0.9807,0.973,0.9659,0.9798,10000.9769,0.9659,0.9728,0.9798,0.9642,0.9642,False,False,1,0.9659,0.9659,0.9807,0.9797
KAN,KAN/USDT,kanusdt,4,6,0,0.001323,0.0,1,0,0,0,0.00134,0.001335,0.001323,0.001335,0.001335,-9999.99866,0.001323,0.001335,0.001337,0.001337,False,False,1,0.00134,0.001323,0.00134,0.00134
MANA,MANA/USDT,manausdt,2,4,2,1.0983,1.0953,1,2,1,1,1.1048,1.1024,1.0838,1.1396,10001.0964,1.0838,1.0983,1.0953,1.103,1.103,False,False,1,1.1396,1.0838,1.1048,1.1047
ENJ,ENJ/USDT,enjusdt,4,4,0,0.7093,0.7225,1,0,1,0,0.7181,0.7153,0.7093,0.7141,0.7141,-9999.2847,0.7093,0.7141,0.7168,0.7168,False,False,1,0.7124,0.7093,0.7181,0.7181
TALK,TALK/USDT,talkusdt,4,6,2,0.0,0.0,2,1,0,0,0.179328,0.179325,0.175176,0.185858,0.185858,-9999.814142,0.179953,0.179953,0.179953,0.179953,False,False,0,0.0,0.179325,0.185858,0.179325
CRE,CRE/USDT,creusdt,2,6,0,0.0,0.0,1,0,0,0,0.006146,0.006146,0.005054,0.005054,0.005054,-9999.993854,0.005054,0.005054,0.005054,0.005054,False,False,1,0.0,0.005054,0.006146,0.006146
PLY,PLY/USDT,plyusdt,4,6,1,0.002807,0.002849,2,1,1,1,0.00277,0.002714,0.002701,0.002841,0.002841,0.002701,0.002807,0.002841,0.002836,0.002836,False,True,0,0.002701,0.002714,0.002841,0.002734
DF,DF/USDT,dfusdt,2,4,1,0.0378,0.0388,0,1,0,1,0.0373,0.0373,0.0379,0.0388,10000.0373,0.0379,0.0379,0.0388,0.0377,0.0377,False,False,0,0.0394,0.0373,0.0388,0.0373
BICO,BICO/USDT,bicousdt,4,4,0,0.6942,0.7056,1,0,1,0,0.7001,0.695,0.6942,0.697,0.697,-9999.3023,0.6942,0.697,0.7038,0.7038,False,False,1,0.684,0.6942,0.7001,0.6977
DOG,DOG/USDT,dogusdt,4,6,2,0.0,0.0,0,0,0,0,0.001816,0.001656,0.001738,0.001738,10000.001689,-9999.998267,0.001738,0.001738,0.001738,0.001738,False,False,1,0.0,0.001723,0.001816,0.001677
CHR,CHR/USDT,chrusdt,2,6,0,0.219582,0.22382,1,0,1,0,0.221974,0.220622,0.219582,0.220785,0.220785,-9999.779378,0.219582,0.22001,0.225601,0.225601,False,False,1,0.220785,0.219582,0.221974,0.221974
DFA,DFA/USDT,dfausdt,4,4,2,0.0,0.2478,1,2,0,2,0.2388,0.2324,0.2278,0.2425,10000.23,0.2278,0.246,0.2478,0.246,0.246,False,False,1,0.256,0.2278,0.2388,0.2343
MASS,MASS/USDT,massusdt,2,4,2,0.0,0.0,1,0,0,0,0.0201,0.0201,0.017,0.0171,10000.017,-9999.9799,0.0171,0.0171,0.0171,0.0171,False,False,1,0.0,0.017,0.0201,0.0201
TITAN,TITAN/USDT,titanusdt,4,6,1,2.517113,2.585244,1,2,1,1,2.531506,2.531506,2.514313,2.585244,10002.514313,2.514313,2.517222,2.585244,2.556869,2.556869,False,False,1,2.514313,2.514313,2.531506,2.531506
LBP,LBP/USDT,lbpusdt,4,6,2,0.002288,0.002286,2,1,1,1,0.00229,0.00229,0.002271,0.0023,0.0023,-9999.9977,0.002341,0.002286,0.002291,0.002291,False,False,0,0.002271,0.00229,0.0023,0.00229
SOC,SOC/USDT,socusdt,2,6,1,0.0,0.002207,0,1,0,1,0.002192,0.002067,0.002185,0.002207,10000.00213,0.002185,0.002186,0.002207,0.002185,0.002185,False,False,0,0.002185,0.002067,0.002207,0.00213
LITH,LITH/USDT,lithusdt,4,6,2,0.0,0.0,0,1,0,1,0.00191,0.00191,0.001981,0.002065,10000.00191,-9999.997983,0.001981,0.001981,0.001981,0.001981,False,False,0,0.002065,0.00191,0.002065,0.00191
XCUR,XCUR/USDT,xcurusdt,4,4,2,0.1568,0.165,1,2,1,1,0.148,0.1415,0.14,0.169,10000.142,0.14,0.1597,0.165,0.1592,0.1592,False,False,1,0.1527,0.14,0.148,0.1462
RAD,RAD/USDT,radusdt,4,4,1,2.0571,2.0643,1,2,1,1,2.0604,2.0515,2.0091,2.0643,10002.0091,2.0091,2.0571,2.0643,2.0903,2.0903,False,False,1,2.0091,2.0091,2.0604,2.0604
MDX,MDX/USDT,mdxusdt,2,4,1,0.0,0.097,1,2,1,0,0.097,0.0954,0.0946,0.097,10000.095,0.0946,0.096,0.097,0.0972,0.0972,False,False,1,0.0946,0.0946,0.097,0.096
FOR,FOR/USDT,forusdt,2,6,0,0.019874,0.019342,2,1,1,1,0.020404,0.019891,0.019874,0.020904,0.020904,-9999.979435,0.019874,0.019345,0.019683,0.019683,False,False,0,0.020904,0.019891,0.020904,0.020203
EDEN,EDEN/USDT,edenusdt,4,4,0,0.1354,0.1318,1,0,1,0,0.1545,0.1296,0.1354,0.1366,0.1366,-9999.862,0.1354,0.1366,0.1352,0.1352,False,False,1,0.1367,0.1354,0.1545,0.1391
UNI,UNI/USDT,uniusdt,4,4,2,5.4587,5.4488,1,0,1,1,5.4752,5.4546,5.3689,5.4488,10005.3953,-9994.5454,5.486,5.4488,5.3077,5.3077,False,False,1,5.3689,5.3689,5.4752,5.4726
AAVE,AAVE/USDT,aaveusdt,4,4,1,93.7183,94.962,2,1,1,1,93.086,92.7356,92.0268,93.4716,93.4716,92.0268,94.1332,93.4716,93.737,93.737,False,True,0,92.0268,92.7356,93.4716,93.0715
BOBA,BOBA/USDT,bobausdt,4,4,0,0.486,0.4919,1,0,1,0,0.5025,0.498,0.486,0.4901,0.4901,-9999.4989,0.486,0.4892,0.4908,0.4908,False,False,1,0.4901,0.486,0.5025,0.5012
RANKER,RANKER/USDT,rankerusdt,4,6,1,0.0,0.013624,0,1,0,0,0.013624,0.011882,0.011909,0.013624,10000.011882,0.011909,0.01373,0.013624,0.01373,0.01373,False,False,0,0.011909,0.011882,0.013,0.01301
FILDA,FILDA/USDT,fildausdt,2,6,0,0.0,0.0,2,1,0,1,0.007602,0.007602,0.0076,0.008,0.008,-9999.992,0.0076,0.0076,0.0076,0.0076,False,False,0,0.008,0.007602,0.008,0.007602
XRP*(-3),XRP*(-3)/USDT,xrp3susdt,4,4,2,2.2108,2.1502,2,1,1,1,2.2099,2.2099,2.2074,2.2114,2.2114,2.2074,2.2074,2.2114,2.2505,2.2505,True,True,0,2.1334,2.2099,2.2114,2.2099
IOTA,IOTA/USDT,iotausdt,4,4,0,0.3404,0.347,1,0,1,0,0.342,0.3416,0.3404,0.3414,0.3414,-9999.6584,0.3404,0.3409,0.3443,0.3443,False,False,1,0.3414,0.3404,0.342,0.3419
NEW,NEW/USDT,newusdt,4,6,1,0.0,0.000372,0,1,0,1,0.000365,0.000346,0.000365,0.000372,10000.000349,0.000365,0.000371,0.000372,0.000357,0.000357,False,False,0,0.000365,0.000346,0.000372,0.000349
LINK,LINK/USDT,linkusdt,2,4,0,7.2667,7.408,1,0,1,0,7.2933,7.2667,7.2667,7.2874,7.2874,-9992.7333,7.2667,7.2502,7.2286,7.2286,False,False,1,7.2874,7.2707,7.2933,7.2933
BCH*(-3),BCH*(-3)/USDT,bch3susdt,4,8,1,2.748e-05,2.915e-05,0,1,0,1,2.864e-05,2.843e-05,2.862e-05,2.915e-05,10000.00002864,2.862e-05,2.862e-05,2.915e-05,2.859e-05,2.859e-05,False,False,0,3.039e-05,2.843e-05,2.915e-05,2.843e-05
PHA,PHA/USDT,phausdt,4,6,2,0.131416,0.131838,1,2,1,1,0.131893,0.131733,0.129564,0.132359,10000.129739,0.129564,0.131757,0.131838,0.128448,0.128448,False,False,1,0.131369,0.129564,0.131893,0.131801
GCOIN,GCOIN/USDT,gcoinusdt,4,4,0,0.0,0.0,0,0,0,0,0.17,0.17,0.17,0.17,0.17,0.17,0.17,0.17,0.17,0.17,False,False,0,0.0,0.17,0.17,0.17
SPELLFIRE,SPELLFIRE/USDT,spellfireusdt,4,6,0,0.007061,0.0,1,0,0,0,0.007722,0.0069,0.007061,0.007074,0.007074,-9999.99292,0.007061,0.007046,0.006631,0.006631,False,False,1,0.007074,0.007061,0.007722,0.00708
STARLY,STARLY/USDT,starlyusdt,4,4,2,0.0,0.0,0,0,0,0,0.4845,0.39,0.4791,0.4791,10000.479,-9999.5215,0.4791,0.4791,0.4791,0.4791,False,False,0,0.0,0.39,0.4797,0.4784
WOO,WOO/USDT,woousdt,2,5,0,0.2054,0.20781,1,0,1,0,0.21161,0.20852,0.2054,0.20676,0.20631,-9999.79148,0.2054,0.20676,0.20168,0.20168,False,False,1,0.20341,0.2054,0.21161,0.20992
PUSH,PUSH/USDT,pushusdt,4,4,2,0.523,0.0,1,2,0,1,0.5227,0.5227,0.5211,0.5267,10000.5211,0.5211,0.523,0.5219,0.5219,0.5219,False,False,1,0.5267,0.5211,0.5227,0.5227
POND,POND/USDT,pondusdt,4,6,2,0.010181,0.010273,1,2,1,1,0.010509,0.010509,0.010084,0.011107,10000.010093,0.010084,0.010181,0.010243,0.010352,0.010352,False,False,1,0.011107,0.010084,0.010509,0.010509
TRX,TRX/USDT,trxusdt,2,6,1,0.077892,0.077414,1,2,1,1,0.077425,0.076896,0.076695,0.077414,10000.077008,0.076695,0.078297,0.077414,0.07498,0.07498,False,False,1,0.076695,0.076695,0.077425,0.077347
ONT,ONT/USDT,ontusdt,4,4,0,0.287,0.2838,1,0,1,0,0.2942,0.2902,0.287,0.2877,0.2874,-9999.7098,0.287,0.2877,0.2818,0.2818,False,False,1,0.2976,0.287,0.2942,0.2938
MATIC,MATIC/USDT,maticusdt,4,6,0,0.665537,0.684328,1,0,1,0,0.671176,0.667532,0.665537,0.67074,0.67,0.665537,0.665537,0.67074,0.662204,0.662204,False,True,1,0.662492,0.665537,0.671176,0.670467
TRB,TRB/USDT,trbusdt,4,4,0,10.8544,11.1618,1,0,1,0,11.1298,11.0438,10.8544,10.919,10.919,-9988.9562,10.8544,10.919,10.9008,10.9008,False,False,1,10.7125,10.8544,11.1298,11.1298
DOCK,DOCK/USDT,dockusdt,2,6,1,0.020623,0.020709,1,2,1,1,0.020676,0.020674,0.020244,0.020709,10000.020282,0.020244,0.020623,0.020709,0.020894,0.020894,False,False,1,0.020244,0.020244,0.020676,0.020676
FLOW,FLOW/USDT,flowusdt,4,4,0,2.8588,2.9295,1,0,1,0,2.885,2.8717,2.8588,2.8785,2.8785,-9997.1283,2.8588,2.8785,2.8548,2.8548,False,False,1,2.8445,2.8588,2.885,2.8849
DYDX,DYDX/USDT,dydxusdt,4,4,1,0.0,2.1435,1,2,1,0,2.1374,2.117,2.1066,2.1435,10002.1154,2.1066,2.1628,2.1435,2.1515,2.1515,False,False,1,2.1066,2.1066,2.1374,2.136
PLATO,PLATO/USDT,platousdt,4,6,2,0.0,0.0,2,1,0,0,0.006384,0.006247,0.006,0.006609,0.006609,0.006,0.006,0.006609,0.0066,0.0066,True,True,0,0.0,0.006247,0.006609,0.006256
1INCH,1INCH/USDT,1inchusdt,4,6,2,1.007553,0.993359,1,0,1,1,0.999424,0.995441,0.990226,0.993359,10000.992919,-9999.004559,1.007553,0.993359,0.997966,0.997966,False,False,1,0.990226,0.990226,0.999424,0.998367
CELO,CELO/USDT,celousdt,4,4,2,1.3335,1.3382,1,0,1,1,1.3435,1.3435,1.3328,1.3355,10001.3356,-9998.6565,1.3335,1.3347,1.3361,1.3361,False,False,1,1.3355,1.3328,1.3435,1.3435
COMP,COMP/USDT,compusdt,6,2,0,70.05,69.72,1,0,1,0,71.01,70.73,70.05,70.58,70.58,-9929.27,70.05,69.72,71.06,71.06,False,False,1,69.31,70.05,71.01,70.97
BSV,BSV/USDT,bsvusdt,4,4,0,50.3597,50.8369,1,0,1,0,50.6301,50.4822,50.3597,50.6158,50.6158,-9949.4673,50.3597,50.6158,50.0966,50.0966,False,False,1,50.642,50.3597,50.6301,50.6248
ABT,ABT/USDT,abtusdt,2,4,0,0.0912,0.0,1,2,0,1,0.094,0.094,0.0914,0.0941,0.0941,0.0914,0.0914,0.0939,0.0931,0.0931,True,False,1,0.0941,0.0914,0.094,0.094
CNNS,CNNS/USDT,cnnsusdt,2,6,2,0.0,0.0,1,0,0,0,0.000272,0.000272,0.00022,0.000247,10000.00022,-9999.999728,0.000247,0.000247,0.000247,0.000247,False,False,1,0.0,0.00022,0.000272,0.000272
SIS,SIS/USDT,sisusdt,4,4,1,0.3831,0.3997,0,1,0,1,0.3662,0.3472,0.379,0.3997,10000.3581,0.379,0.3969,0.3997,0.307,0.307,False,False,0,0.379,0.3472,0.3997,0.3581
USDD,USDD/USDT,usddusdt,4,4,2,0.0,0.0,1,0,0,0,1.0038,1.002,1.0,1.0014,10001.0019,-9998.9968,1.0014,1.0014,1.0014,1.0014,False,False,1,0.0,1.0,1.0038,1.0036
ZRX,ZRX/USDT,zrxusdt,2,4,0,0.4435,0.4501,1,0,1,0,0.4502,0.4484,0.4435,0.4455,0.4455,-9999.5516,0.4435,0.4455,0.4572,0.4572,False,False,1,0.4392,0.4435,0.4502,0.4498
VISION,VISION/USDT,visionusdt,4,6,2,0.0,0.0,0,1,0,0,0.012397,0.011753,0.012764,0.013397,10000.01216,-9999.986668,0.012832,0.012832,0.012832,0.012832,False,False,0,0.0,0.011753,0.013397,0.012095
REVV,REVV/USDT,revvusdt,4,6,2,0.0,0.0,1,0,0,0,0.031639,0.030765,0.029024,0.029821,10000.029143,-9999.968854,0.029445,0.029445,0.029445,0.029445,False,False,1,0.0,0.029024,0.031639,0.031301
STAKE,STAKE/USDT,stakeusdt,4,4,0,6.827,6.9196,1,0,1,0,6.9198,6.9198,6.827,6.9011,6.9011,-9993.0802,6.827,6.9011,6.8849,6.8849,False,False,1,6.8212,6.827,6.9198,6.9198
ANKR,ANKR/USDT,ankrusdt,2,6,0,0.040063,0.041492,1,0,1,0,0.040833,0.040509,0.040063,0.040454,0.040454,-9999.959491,0.040063,0.040454,0.040949,0.040949,False,False,1,0.039968,0.040063,0.040833,0.040781
GODS,GODS/USDT,godsusdt,4,4,1,0.9902,0.962,0,1,0,1,0.9284,0.8157,0.9364,0.962,10000.8641,0.9364,0.9485,0.962,0.958,0.958,False,False,0,0.9364,0.8157,0.962,0.8634
ICP,ICP/USDT,icpusdt,4,2,1,0.0,8.27,1,2,1,1,8.2,8.14,8.05,8.27,10008.15,8.05,8.21,8.27,8.13,8.13,False,False,1,8.05,8.05,8.2,8.2
TNB,TNB/USDT,tnbusdt,2,6,0,0.003828,0.003853,1,0,0,0,0.003865,0.003833,0.003828,0.003861,0.003861,-9999.996167,0.003828,0.003853,0.003823,0.003823,False,False,1,0.00378,0.003828,0.003865,0.00384
CHSB,CHSB/USDT,chsbusdt,4,4,2,0.0,0.0,1,2,0,1,0.3176,0.3176,0.3124,0.3235,10000.3125,0.3124,0.3164,0.3164,0.3164,0.3164,False,False,1,0.3235,0.3124,0.3176,0.3176
NHBTC,NHBTC/USDT,nhbtcusdt,4,4,0,0.0178,0.0178,1,2,1,1,0.018,0.0179,0.0179,0.0181,0.0181,0.0179,0.0179,0.0181,0.0182,0.0182,True,True,1,0.019,0.0179,0.018,0.0179
SC,SC/USDT,scusdt,2,6,2,0.005438,0.005351,1,2,1,1,0.005407,0.005383,0.005261,0.005513,10000.005285,0.005261,0.005438,0.005353,0.005418,0.005418,False,False,1,0.005513,0.005261,0.005407,0.005407
ATP,ATP/USDT,atpusdt,2,7,1,0.0,0.000141,0,1,0,0,0.0001407,0.000136,0.0001405,0.000141,10000.0001384,0.0001405,0.0001405,0.000141,0.0001386,0.0001386,False,False,0,0.000135,0.000136,0.000141,0.0001384
DOT*2,DOT*2/USDT,dot2lusdt,4,4,2,0.4567,0.4584,1,0,1,1,0.4598,0.4598,0.4571,0.4584,10000.4571,-9999.5402,0.4575,0.4584,0.47,0.47,False,False,1,0.4571,0.4571,0.4598,0.4598
VIDY,VIDY/USDT,vidyusdt,2,6,2,0.0,0.0,1,0,0,0,0.000189,0.000178,0.000172,0.000202,10000.000176,0.000202,0.000202,0.000202,0.000202,0.000202,False,False,1,0.0,0.000172,0.000189,0.000183
ABBC,ABBC/USDT,abbcusdt,4,4,2,0.0,0.0,1,0,0,0,0.0971,0.0946,0.0876,0.0906,10000.0904,-9999.9042,0.0906,0.0906,0.0906,0.0906,False,False,1,0.0,0.0876,0.0971,0.0958
MU,MU/USDT,muusdt,4,6,2,0.0,0.0,2,1,0,0,0.033999,0.03322,0.032,0.04309,0.04309,-9999.963018,0.031645,0.031645,0.031645,0.031645,False,False,0,0.0,0.03322,0.04309,0.033671
ETH*(-1),ETH*(-1)/USDT,eth1susdt,4,4,1,0.0,0.3396,0,1,0,0,0.3388,0.3388,0.3395,0.3396,10000.3388,0.3395,0.3395,0.3396,0.342,0.342,False,False,0,0.3368,0.3388,0.3396,0.3388
STORE,STORE/USDT,storeusdt,4,6,2,0.0,0.0,0,1,0,0,0.119277,0.119044,0.11981,0.128571,10000.119277,-9999.874436,0.12456,0.12456,0.12456,0.12456,False,False,0,0.0,0.119044,0.128571,0.119232
SKL,SKL/USDT,sklusdt,4,6,0,0.082718,0.084044,1,0,1,0,0.084827,0.083958,0.082718,0.083756,0.083756,-9999.916042,0.082718,0.083756,0.083014,0.083014,False,False,1,0.082478,0.082718,0.084827,0.084827
KCASH,KCASH/USDT,kcashusdt,2,6,2,0.0,0.0,0,0,0,0,0.001377,0.001243,0.001344,0.001357,10000.001315,-9999.998659,0.001344,0.001344,0.001344,0.001344,False,False,0,0.0,0.001243,0.001357,0.001309
EGT,EGT/USDT,egtusdt,2,6,0,0.000361,0.0,2,1,0,1,0.000366,0.000365,0.000361,0.000395,0.000395,-9999.999606,0.000361,0.000393,0.000397,0.000397,False,False,0,0.000395,0.000365,0.000395,0.000366
STEEM,STEEM/USDT,steemusdt,4,4,0,0.2829,0.2841,1,0,1,0,0.2851,0.2843,0.2829,0.2834,0.2834,-9999.7157,0.2829,0.2834,0.2787,0.2787,False,False,1,0.2813,0.2829,0.2851,0.2851
NULS,NULS/USDT,nulsusdt,2,4,1,0.2202,0.2212,1,2,1,1,0.2201,0.2196,0.2173,0.2212,10000.2173,0.2173,0.2215,0.2212,0.2181,0.2181,False,False,1,0.2173,0.2173,0.2201,0.22
LRC,LRC/USDT,lrcusdt,4,4,0,0.4989,0.5049,1,0,1,0,0.5056,0.5025,0.4989,0.502,0.502,-9999.4975,0.4989,0.502,0.506,0.506,False,False,1,0.494,0.4989,0.5056,0.5056
KSM,KSM/USDT,ksmusdt,3,4,0,78.8975,80.3557,1,0,1,0,80.5793,80.141,78.8975,79.1074,79.1074,-9919.859,78.8975,79.1074,80.4921,80.4921,False,False,1,78.5047,78.8975,80.5793,80.5793
PEARL,PEARL/USDT,pearlusdt,6,2,2,0.0,0.0,0,1,0,1,11.11,11.03,11.04,12.0,10011.03,-9988.14,11.04,11.04,11.04,11.04,False,False,0,12.0,11.03,12.0,11.03
CTX(C2X),CTX(C2X)/USDT,ctxc2xusdt,4,6,0,1.188499,1.181924,2,1,1,1,1.207012,1.197372,1.190912,1.21966,1.21966,1.190912,1.190912,1.21966,1.22833,1.22833,True,True,0,1.216704,1.197372,1.21966,1.197372
FUSE,FUSE/USDT,fuseusdt,4,4,0,0.1434,0.1441,1,0,1,0,0.1449,0.1438,0.1434,0.1438,0.1438,-9999.8556,0.1434,0.1438,0.1441,0.1441,False,False,1,0.1444,0.1434,0.1449,0.1444
RETH,RETH/USDT,rethusdt,4,6,1,0.0,0.044997,0,1,0,1,0.045,0.043108,0.044215,0.044997,10000.044203,0.044215,0.045488,0.044997,0.045488,0.045488,False,False,0,0.046413,0.043108,0.044997,0.044162
RVN,RVN/USDT,rvnusdt,2,6,0,0.03016,0.030852,1,0,1,0,0.030377,0.030185,0.03016,0.03023,0.03023,-9999.969815,0.03016,0.03023,0.030628,0.030628,False,False,1,0.030503,0.03016,0.030377,0.030377
LUNA,LUNA/USDT,lunausdt,2,8,2,0.00018846,0.0,1,2,0,1,0.00021301,0.00020194,0.0001928,0.00021938,0.00021938,0.0001928,0.0001928,0.00019334,0.00021513,0.00021513,True,False,1,0.00019648,0.0001928,0.00021301,0.00020517
CAW,CAW/USDT,cawusdt,2,12,1,0.0,5.8096e-08,0,1,0,0,5.8096e-08,5.3148e-08,5.4e-08,5.8096e-08,10000.00000005443,5.4e-08,5.4e-08,5.8096e-08,6.09e-08,6.09e-08,False,False,0,5.3125e-08,5.3148e-08,5.6399e-08,5.3621e-08
DOT*(-2),DOT*(-2)/USDT,dot2susdt,4,6,2,0.282497,0.279931,2,1,1,1,0.278535,0.276565,0.272834,0.282297,0.282297,-9999.718123,0.282497,0.279931,0.265461,0.265461,False,False,0,0.272834,0.276565,0.282297,0.278535
YEE,YEE/USDT,yeeusdt,2,6,2,0.00021,0.0,0,1,0,1,0.000242,0.000207,0.00021,0.0003,10000.000212,-9999.999773,0.00021,0.000218,0.000218,0.000218,False,False,0,0.0003,0.000207,0.0003,0.000214
ETC,ETC/USDT,etcusdt,4,4,1,20.7319,21.176,1,2,1,1,20.8741,20.8111,20.6588,21.176,10020.7568,20.6588,21.0122,21.176,20.8152,20.8152,False,False,1,20.6588,20.6588,20.8741,20.8723
LTC*(-3),LTC*(-3)/USDT,ltc3susdt,4,10,1,2.0335e-06,2.0782e-06,0,1,0,1,2.0662e-06,2.0535e-06,2.0598e-06,2.0782e-06,10000.0000020594,2.0598e-06,2.0598e-06,2.0782e-06,2.0178e-06,2.0178e-06,False,False,0,2.0936e-06,2.0535e-06,2.0782e-06,2.0594e-06
FTM,FTM/USDT,ftmusdt,4,4,2,0.433,0.4355,1,2,1,1,0.4364,0.4252,0.4188,0.4451,10000.4237,0.4188,0.433,0.429,0.4212,0.4212,False,False,1,0.4451,0.4188,0.4364,0.4308
RSR,RSR/USDT,rsrusdt,2,6,0,0.004665,0.004526,1,2,1,1,0.005064,0.005009,0.00487,0.005183,0.005183,0.00487,0.00487,0.004686,0.004435,0.004435,True,False,1,0.005183,0.00487,0.005064,0.005048
SKU,SKU/USDT,skuusdt,4,6,2,0.0,0.0,2,1,0,1,0.029456,0.029456,0.029,0.030169,0.030169,0.029,0.029543,0.030169,0.029543,0.029543,False,True,0,0.030108,0.029456,0.030169,0.029456
VALUE,VALUE/USDT,valueusdt,4,4,0,0.1486,0.1633,1,0,1,0,0.1589,0.1486,0.1486,0.1565,0.1565,-9999.8415,0.1486,0.156,0.1605,0.1605,False,False,1,0.1565,0.1557,0.1589,0.1539
MLN,MLN/USDT,mlnusdt,4,4,0,30.7525,30.8311,1,0,1,0,30.847,30.7896,30.7525,30.7571,30.7571,-9969.2104,30.7525,30.7427,30.8124,30.8124,False,False,1,30.7571,30.7525,30.847,30.8422
WILD,WILD/USDT,wildusdt,4,4,2,0.0,0.0,2,1,0,0,0.3577,0.3576,0.3471,0.3641,0.3641,0.3471,0.3635,0.3641,0.3635,0.3635,False,True,0,0.0,0.3576,0.3641,0.3576
GALA,GALA/USDT,galausdt,2,6,2,0.086662,0.087793,1,2,1,1,0.088079,0.087471,0.086777,0.088185,0.088185,0.086777,0.086777,0.087793,0.083777,0.083777,True,False,1,0.085656,0.086777,0.088079,0.08802
RUFF,RUFF/USDT,ruffusdt,4,6,1,0.0,0.000569,1,2,1,0,0.000566,0.000558,0.000552,0.000569,10000.000558,0.000552,0.000584,0.000569,0.000584,0.000584,False,False,1,0.000552,0.000552,0.000566,0.000561
SUPER,SUPER/USDT,superusdt,4,4,0,0.2254,0.0,1,2,0,1,0.2295,0.2276,0.2264,0.2549,0.2549,0.2264,0.2264,0.2116,0.2116,0.2116,True,False,1,0.2549,0.2264,0.2295,0.2276
LINK*(-3),LINK*(-3)/USDT,link3susdt,4,4,2,19.5615,18.6954,0,1,1,1,19.2641,19.2641,19.5615,19.8937,10019.2641,-9980.1536,19.5615,18.6954,19.651,19.651,False,False,0,19.8937,19.2641,19.8937,19.2641
INV,INV/USDT,invusdt,6,2,2,106.43,0.0,0,1,0,1,106.33,105.99,106.43,111.0,10106.32,-9889.0,106.43,103.67,103.67,103.67,False,False,0,111.0,105.99,111.0,106.32
EOS,EOS/USDT,eosusdt,4,4,2,1.3545,1.3501,1,2,1,1,1.35,1.3456,1.33,1.3682,10001.3358,1.33,1.3545,1.3645,1.3461,1.3461,False,False,1,1.3682,1.33,1.35,1.3499
OGO,OGO/USDT,ogousdt,2,6,2,0.000733,0.000715,0,1,1,1,0.0007,0.0007,0.000733,0.000741,10000.0007,-9999.999259,0.000733,0.000715,0.000711,0.000711,False,False,0,0.000741,0.0007,0.000741,0.0007
JST,JST/USDT,jstusdt,2,6,1,0.042692,0.042328,1,2,1,1,0.042197,0.042032,0.041631,0.042328,10000.042082,0.041631,0.042678,0.042328,0.041745,0.041745,False,False,1,0.041631,0.041631,0.042197,0.042194
WAVES,WAVES/USDT,wavesusdt,2,4,2,5.8709,5.8118,1,0,1,1,5.8564,5.8368,5.77,5.8118,10005.7966,-9994.1632,5.8719,5.8118,5.7969,5.7969,False,False,1,5.77,5.77,5.8564,5.8525
VLX,VLX/USDT,vlxusdt,4,6,2,0.0,0.0,2,1,0,1,0.072936,0.072476,0.071211,0.073632,0.073632,0.071211,0.074,0.073632,0.074,0.074,False,True,0,0.074001,0.072476,0.073632,0.072686
ADP,ADP/USDT,adpusdt,4,6,2,0.0,0.0,0,0,0,0,0.024898,0.022968,0.023676,0.023676,10000.024018,-9999.976204,0.023676,0.023676,0.023676,0.023676,False,False,0,0.0,0.022968,0.023912,0.023938
BNB,BNB/USDT,bnbusdt,4,2,0,319.13,320.68,1,0,1,0,321.0,320.62,319.13,319.86,319.86,-9679.38,319.13,319.86,317.45,317.45,False,False,1,317.24,319.13,321.0,321.0
ANT,ANT/USDT,antusdt,2,4,0,2.0243,2.0808,1,0,1,0,2.0673,2.04,2.0243,2.042,2.042,-9997.96,2.0243,2.0139,1.9832,1.9832,False,False,1,2.042,2.0243,2.0673,2.0599
TINC,TINC/USDT,tincusdt,4,4,2,0.0,0.0,0,0,0,0,0.7108,0.6801,0.6954,0.7131,10000.695,-9999.2879,0.7131,0.7131,0.7131,0.7131,False,False,1,0.0,0.6954,0.7108,0.6945
ZKP,ZKP/USDT,zkpusdt,4,4,0,0.1252,0.1257,1,0,1,0,0.1276,0.1252,0.1252,0.1257,0.1257,-9999.8748,0.1252,0.1257,0.126,0.126,False,False,1,0.1252,0.1252,0.1276,0.1276
NYM,NYM/USDT,nymusdt,4,4,2,0.5254,0.5626,1,2,1,1,0.5483,0.5397,0.5306,0.5753,0.5753,0.5306,0.5306,0.5301,0.5643,0.5643,True,False,1,0.54,0.5306,0.5483,0.546
UTK,UTK/USDT,utkusdt,2,4,0,0.1448,0.145,1,0,1,0,0.1495,0.1467,0.1448,0.1458,0.1458,-9999.8517,0.1448,0.145,0.1452,0.1452,False,False,1,0.144,0.1448,0.1495,0.1483
WIN,WIN/USDT,winusdt,2,8,0,0.00014388,0.0,1,0,0,0,0.00014456,0.00014439,0.00014388,0.00014416,0.00014415,-9999.99985544,0.00014388,0.00014416,0.00014631,0.00014631,False,False,1,0.00014716,0.00014388,0.00014456,0.00014456
STN,STN/USDT,stnusdt,2,4,2,0.0,0.0,1,0,0,0,0.0325,0.0325,0.0307,0.032,10000.0307,-9999.9675,0.032,0.032,0.032,0.032,False,False,1,0.0,0.0307,0.0325,0.0325
USDT,USDT/BRL,usdtbrl,1,3,2,4.932,0.0,1,2,0,1,4.932,4.932,4.895,5.15,10004.895,4.895,4.932,4.931,4.894,4.894,False,False,1,5.15,4.895,4.932,4.932
LOOM,LOOM/USDT,loomusdt,2,6,2,0.053703,0.053594,1,2,1,1,0.053457,0.053457,0.052729,0.054915,10000.052729,0.052729,0.053703,0.053137,0.052454,0.052454,False,False,1,0.054915,0.052729,0.053457,0.053457
AVAX,AVAX/USDT,avaxusdt,4,4,0,30.9092,31.7457,1,0,1,0,31.3502,31.1393,30.9092,31.234,31.234,-9968.7912,30.9092,31.234,30.0425,30.0425,False,False,1,30.8574,30.9092,31.3502,31.3213
ETH*(-3),ETH*(-3)/USDT,eth3susdt,4,10,2,2.9425e-06,2.8916e-06,2,1,1,1,2.9159e-06,2.9008e-06,2.9e-06,2.9342e-06,2.9302e-06,2.9e-06,2.9e-06,2.9342e-06,2.9664e-06,2.9664e-06,True,True,0,2.8046e-06,2.9008e-06,2.9302e-06,2.9059e-06
SAND,SAND/USDT,sandusdt,4,6,0,1.372582,1.35863,1,2,0,1,1.411,1.403969,1.376017,1.4612,1.4612,1.376017,1.376017,1.35863,1.361568,1.361568,True,False,1,1.4612,1.376017,1.411,1.409289
TRAC,TRAC/USDT,tracusdt,4,4,2,0.0,0.0,1,0,0,0,0.3341,0.3107,0.3085,0.3333,10000.3238,0.3333,0.3333,0.3333,0.3333,0.3333,False,False,1,0.0,0.3085,0.3341,0.3124
POLS,POLS/USDT,polsusdt,4,4,0,0.6421,0.6423,1,0,1,0,0.6445,0.6445,0.6421,0.6422,0.6422,-9999.3555,0.6421,0.6422,0.6465,0.6465,False,False,1,0.6381,0.6421,0.6445,0.6445
ENS,ENS/USDT,ensusdt,4,4,2,12.1227,12.3106,1,0,1,1,12.4662,12.3898,12.1391,12.3106,10012.1781,-9987.6102,12.6142,12.3106,12.437,12.437,False,False,1,12.1391,12.1391,12.4662,12.4548
EKT,EKT/USDT,ektusdt,2,6,2,0.000317,0.0,0,2,0,1,0.000348,0.000316,0.000324,0.000358,10000.000317,0.000324,0.000324,0.000356,0.000355,0.000355,False,False,1,0.000358,0.000324,0.000348,0.000348
CTSI,CTSI/USDT,ctsiusdt,2,4,0,0.1899,0.1893,1,0,1,0,0.1926,0.1916,0.1899,0.1908,0.1908,-9999.8084,0.1899,0.1893,0.1915,0.1915,False,False,1,0.1875,0.1899,0.1926,0.1926
KT,KT/USDT,ktusdt,4,6,1,0.0,0.004,0,1,0,0,0.003809,0.003809,0.003901,0.004,10000.003809,0.003901,0.003901,0.004,0.00387,0.00387,False,False,0,0.0,0.003809,0.004,0.003809
LMR,LMR/USDT,lmrusdt,4,4,0,0.0436,0.0437,2,1,1,1,0.0437,0.0437,0.0437,0.0438,0.0438,0.0437,0.0437,0.0438,0.0388,0.0388,True,True,0,0.0439,0.0437,0.0438,0.0437
WBTC,WBTC/USDT,wbtcusdt,4,2,2,0.0,30002.43,2,1,1,0,30160.27,30160.27,29914.06,30378.11,30378.11,20301.94,30191.95,30002.43,30191.95,30191.95,False,False,0,29914.06,30160.27,30378.11,30160.27
DCR,DCR/USDT,dcrusdt,4,4,2,38.0145,38.0837,2,1,1,1,37.6391,37.639,37.6082,38.4302,38.4302,-9961.5699,38.0145,38.0837,38.1345,38.1345,False,False,0,37.6082,37.639,38.4302,37.639
SWRV,SWRV/USDT,swrvusdt,4,4,2,0.0649,0.0668,1,2,1,1,0.0675,0.0667,0.0643,0.07,10000.066,0.0643,0.0649,0.0653,0.067,0.067,False,False,1,0.07,0.0643,0.0675,0.0673
DAC,DAC/USDT,dacusdt,2,6,0,0.0,0.0,1,0,0,0,0.000111,7.6e-05,6.9e-05,6.9e-05,6.9e-05,-9999.999917,6.9e-05,6.9e-05,6.9e-05,6.9e-05,False,False,1,0.0,6.9e-05,0.000111,8.7e-05
APE,APE/USDT,apeusdt,4,4,1,8.0103,7.9632,1,2,1,1,7.9388,7.9133,7.8324,7.9632,10007.9227,7.8324,8.015,7.9632,7.9564,7.9564,False,False,1,7.8324,7.8324,7.9388,7.9358
VR,VR/USDT,vrusdt,4,4,0,0.0552,0.0,2,1,0,1,0.0616,0.0581,0.0552,0.0609,0.0609,-9999.9414,0.0552,0.0563,0.0552,0.0552,False,False,0,0.0609,0.0581,0.0609,0.0605
DOT,DOT/USDT,dotusdt,4,4,2,10.1343,10.0408,1,0,1,1,10.0868,10.0449,9.9776,10.0408,10010.022,-9989.9551,10.1591,10.0408,10.1178,10.1178,False,False,1,9.9776,9.9776,10.0868,10.0868
LET,LET/USDT,letusdt,4,6,1,0.0,0.001313,1,2,1,0,0.001311,0.001311,0.0013,0.001313,10000.0013,0.0013,0.001303,0.001313,0.001327,0.001327,False,False,1,0.0013,0.0013,0.001311,0.001311
NGL,NGL/USDT,nglusdt,4,4,1,0.4608,0.4673,1,2,1,1,0.4611,0.4611,0.461,0.4617,0.4617,0.461,0.461,0.4617,0.4642,0.4642,True,True,1,0.461,0.461,0.4611,0.4611
ASTR,ASTR/USDT,astrusdt,2,6,1,0.05787,0.057914,2,1,1,1,0.057633,0.057016,0.057006,0.057613,0.057427,0.057006,0.057842,0.057613,0.05751,0.05751,False,True,0,0.057006,0.057016,0.057427,0.057556
WOZX,WOZX/USDT,wozxusdt,4,4,1,0.0,0.1068,2,1,1,0,0.1067,0.106,0.1059,0.1067,0.1066,0.1059,0.1061,0.1067,0.1095,0.1095,False,True,0,0.1059,0.106,0.1066,0.1062
CRU,CRU/USDT,cruusdt,4,4,1,1.1567,1.1676,1,2,1,1,1.1337,1.1337,1.1323,1.1676,10001.1335,1.1323,1.1524,1.1676,1.1985,1.1985,False,False,1,1.1323,1.1323,1.1337,1.1337
ANC,ANC/USDT,ancusdt,4,4,0,0.2089,0.1692,2,1,1,1,0.2591,0.2317,0.2089,0.2649,0.2649,-9999.7472,0.2089,0.1692,0.1563,0.1563,False,False,0,0.2649,0.2317,0.2649,0.2375
FORTH,FORTH/USDT,forthusdt,4,4,1,3.4659,3.4888,2,1,1,1,3.5198,3.4853,3.4701,3.5198,3.4856,3.4701,3.4806,3.5198,3.4057,3.4057,False,True,0,3.4701,3.4853,3.4856,3.4924
ZBC,ZBC/USDT,zbcusdt,4,6,2,0.0,0.0,0,0,0,1,0.017944,0.017332,0.01739,0.017596,10000.017538,-9999.982545,0.017417,0.017417,0.017417,0.017417,False,False,0,0.017596,0.017332,0.017596,0.01752
INDI,INDI/USDT,indiusdt,4,4,2,0.0,0.0,0,0,0,0,0.2276,0.2264,0.2378,0.2378,10000.2272,0.2378,0.2378,0.2378,0.2378,0.2378,False,False,0,0.0,0.2264,0.2378,0.2272
ITC,ITC/USDT,itcusdt,4,6,2,0.0,0.010123,0,0,0,0,0.01018,0.009402,0.00958,0.010123,10000.0096,-9999.989941,0.00958,0.010123,0.009828,0.009828,False,False,1,0.0,0.00958,0.01018,0.010105
NEST,NEST/USDT,nestusdt,2,5,2,0.0,0.0,0,0,0,0,0.0349,0.034,0.03595,0.03595,10000.03478,-9999.96412,0.03595,0.03595,0.03595,0.03595,False,False,0,0.0,0.034,0.03606,0.03475
AAC,AAC/USDT,aacusdt,2,6,0,0.000513,0.000522,1,0,1,0,0.000538,0.000511,0.000513,0.000532,0.000532,-9999.999467,0.000513,0.000522,0.000484,0.000484,False,False,1,0.000484,0.000513,0.000538,0.000516
FOX,FOX/USDT,foxusdt,4,4,1,0.1584,0.1642,0,1,0,1,0.16,0.1586,0.1609,0.1642,10000.1597,0.1609,0.161,0.1642,0.1603,0.1603,False,False,0,0.1609,0.1586,0.1642,0.1597
MX,MX/USDT,mxusdt,2,4,2,0.0,0.0,1,0,0,1,1.68,1.6322,1.5417,1.5823,10001.5726,-9998.3438,1.5575,1.5575,1.5575,1.5575,False,False,1,1.5823,1.5417,1.68,1.6635
ZIL,ZIL/USDT,zilusdt,4,6,1,0.055887,0.05833,0,1,0,1,0.056228,0.054124,0.056053,0.05833,10000.055785,0.056053,0.056053,0.05833,0.059347,0.059347,False,False,0,0.058107,0.054124,0.05833,0.055716
LHB,LHB/USDT,lhbusdt,2,6,2,0.0,0.0,0,0,0,0,0.001394,0.001303,0.001366,0.001366,10000.001328,-9999.998644,0.001366,0.001366,0.001366,0.001366,False,False,0,0.0,0.001303,0.001369,0.001313
UIP,UIP/USDT,uipusdt,2,6,2,0.0,0.0,1,2,0,0,0.00055,0.000548,0.000548,0.000639,0.000639,0.000548,0.000548,0.000338,0.000338,0.000338,True,False,1,0.0,0.000548,0.00055,0.00055
FIL,FIL/USDT,filusdt,4,4,0,8.2747,8.4089,1,0,1,0,8.3955,8.3383,8.2747,8.3085,8.3085,-9991.6617,8.2747,8.3085,8.3304,8.3304,False,False,1,8.5314,8.2747,8.3955,8.391
HBB,HBB/USDT,hbbusdt,4,4,1,0.8685,0.8551,0,1,0,0,0.8532,0.8318,0.8507,0.8551,10000.8355,0.8507,0.8685,0.8551,0.8805,0.8805,False,False,0,0.8708,0.8318,0.8551,0.8352
MC,MC/USDT,mcusdt,4,4,2,1.1148,1.1247,1,2,1,1,1.1151,1.1151,1.11,1.1199,10001.11,1.11,1.1148,1.1196,1.14,1.14,False,False,1,1.1199,1.11,1.1151,1.1151
ATOM,ATOM/USDT,atomusdt,3,4,1,11.2243,11.4944,1,2,1,1,11.4971,11.4606,11.2935,11.4944,10011.3609,11.2935,11.5581,11.4944,11.2746,11.2746,False,False,1,11.2935,11.2935,11.4971,11.4872
MTA,MTA/USDT,mtausdt,4,4,0,0.2537,0.2589,2,1,1,1,0.2647,0.2607,0.2537,0.2657,0.2657,-9999.7375,0.2537,0.2589,0.2239,0.2239,False,False,0,0.2657,0.2607,0.2657,0.2636
MBOX,MBOX/USDT,mboxusdt,4,4,0,1.0606,1.0931,1,0,1,0,1.0779,1.0636,1.0606,1.0668,1.0665,-9998.9327,1.0606,1.0668,1.0782,1.0782,False,False,1,1.0563,1.0606,1.0779,1.0682
CTXC,CTXC/USDT,ctxcusdt,4,4,2,0.137,0.1368,1,0,1,1,0.1395,0.1376,0.1357,0.1368,10000.1357,-9999.8624,0.1374,0.1368,0.1386,0.1386,False,False,1,0.1357,0.1357,0.1395,0.1391
SPRT,SPRT/USDT,sprtusdt,4,4,2,0.0,0.0,0,0,0,0,0.5066,0.4963,0.5005,0.5005,10000.5024,-9999.4987,0.5005,0.5005,0.5005,0.5005,False,False,1,0.0,0.4985,0.5066,0.5044
WHALE,WHALE/USDT,whaleusdt,4,4,2,0.0,2.6064,0,1,1,1,2.5471,2.4628,2.5902,2.6133,10002.5098,-9997.3867,2.6169,2.6064,2.5706,2.5706,False,False,0,2.5902,2.4628,2.6133,2.5098
NEXO,NEXO/USDT,nexousdt,2,4,0,1.3448,1.3363,2,1,1,1,1.3539,1.3515,1.3448,1.3542,1.3542,-9998.6477,1.3448,1.3512,1.3363,1.3363,False,False,0,1.3542,1.3515,1.3542,1.3515
XMR,XMR/USDT,xmrusdt,4,2,0,179.41,182.45,2,1,1,1,187.77,183.61,179.41,188.86,188.86,-9813.3,179.41,181.04,178.88,178.88,False,False,0,188.86,183.61,188.86,187.47
PERP,PERP/USDT,perpusdt,4,4,2,1.1875,1.1532,1,0,1,1,1.1676,1.1609,1.1413,1.1532,10001.1414,-9998.8391,1.1875,1.1532,1.1554,1.1554,False,False,1,1.1413,1.1413,1.1676,1.1665
HOT,HOT/USDT,hotusdt,2,6,2,0.002121,0.002185,0,1,1,1,0.002099,0.002099,0.002126,0.002199,10000.002099,-9999.997801,0.002137,0.002185,0.002062,0.002062,False,False,0,0.002126,0.002099,0.002199,0.002099
ANML,ANML/USDT,anmlusdt,4,6,2,0.0,0.0,0,1,0,0,0.002792,0.00275,0.002892,0.002902,10000.002774,0.002892,0.002892,0.002892,0.002892,0.002892,False,False,0,0.0,0.00275,0.002902,0.002767
NOIA,NOIA/USDT,noiausdt,4,4,2,0.0,0.0,1,2,0,0,0.0711,0.0711,0.07,0.0712,10000.0701,0.07,0.0709,0.0709,0.0709,0.0709,False,False,1,0.0,0.07,0.0711,0.0711
LPT,LPT/USDT,lptusdt,4,4,1,15.4119,15.3488,1,2,1,1,15.3586,15.3244,15.0877,15.3488,10015.1054,15.0877,15.4119,15.3488,15.2695,15.2695,False,False,1,15.0877,15.0877,15.3586,15.3329
